episode,frames,t_start,t_end,duration_s,det_ratio,median_conf,missing_xy_ratio,displacement_px,path_len_px,median_speed_px_s,p95_speed_px_s,max_step_px,p99_speed_px_s,max_speed_px_s,jump_ratio,tortuosity,keep,reject_reason
1,19,0.361,1.082,0.7210000000000001,0.0,,1.0,0.0,0.0,,,,,,1.0,inf,False,too_few_frames
2,19,2.244,2.966,0.722,0.0,,1.0,0.0,0.0,,,,,,1.0,inf,False,too_few_frames
3,19,4.128,4.85,0.7219999999999995,0.0,,1.0,0.0,0.0,,,,,,1.0,inf,False,too_few_frames
4,19,6.012,6.733,0.7210000000000001,0.0,,1.0,0.0,0.0,,,,,,1.0,inf,False,too_few_frames
5,19,7.896,8.617,0.721000000000001,0.0,,1.0,0.0,0.0,,,,,,1.0,inf,False,too_few_frames
6,19,9.779,10.501,0.7219999999999995,0.0,,1.0,0.0,0.0,,,,,,1.0,inf,False,too_few_frames
7,19,11.663,12.384,0.7210000000000001,0.0,,1.0,0.0,0.0,,,,,,1.0,inf,False,too_few_frames
8,19,13.547,14.268,0.7210000000000001,0.0,,1.0,0.0,0.0,,,,,,1.0,inf,False,too_few_frames
10,19,22.043,22.765,0.7220000000000013,0.0,,1.0,0.0,0.0,,,,,,1.0,inf,False,too_few_frames
11,19,23.927,24.649,0.7220000000000013,0.0,,1.0,0.0,0.0,,,,,,1.0,inf,False,too_few_frames
12,19,25.811,26.532,0.7210000000000001,0.0,,1.0,0.0,0.0,,,,,,1.0,inf,False,too_few_frames
13,19,27.695,28.416,0.7210000000000001,0.0,,1.0,0.0,0.0,,,,,,1.0,inf,False,too_few_frames
14,19,29.578,30.3,0.7220000000000013,0.0,,1.0,0.0,0.0,,,,,,1.0,inf,False,too_few_frames
15,19,31.462,32.183,0.7210000000000001,0.0,,1.0,0.0,0.0,,,,,,1.0,inf,False,too_few_frames
16,19,33.346,34.067,0.7210000000000036,0.0,,1.0,0.0,0.0,,,,,,1.0,inf,False,too_few_frames
17,19,35.229,35.951,0.7220000000000013,0.0,,1.0,0.0,0.0,,,,,,1.0,inf,False,too_few_frames
18,19,37.113,37.835,0.7220000000000013,0.0,,1.0,0.0,0.0,,,,,,1.0,inf,False,too_few_frames
21,19,51.822,52.544,0.7219999999999942,0.0,,1.0,0.0,0.0,,,,,,1.0,inf,False,too_few_frames
22,34,53.706,55.028,1.3219999999999956,0.14705882352941177,0.8341,0.0,3.313158161030366,3.4783253033826655,1.1876973520241818,11.37686531657704,1.4695934812048461,29.04879748285772,36.73983703012193,0.0,1.0498518737484401,False,few_detections
23,19,56.191,56.912,0.7209999999999965,0.0,,1.0,0.0,0.0,,,,,,1.0,inf,False,too_few_frames
24,19,58.074,58.796,0.7220000000000013,0.0,,1.0,0.0,0.0,,,,,,1.0,inf,False,too_few_frames
25,19,59.958,60.68,0.7220000000000013,0.0,,1.0,0.0,0.0,,,,,,1.0,inf,False,too_few_frames
26,19,61.842,62.563,0.7210000000000036,0.0,,1.0,0.0,0.0,,,,,,1.0,inf,False,too_few_frames
27,19,63.726,64.447,0.7210000000000036,0.0,,1.0,0.0,0.0,,,,,,1.0,inf,False,too_few_frames
28,19,65.609,66.331,0.7220000000000084,0.0,,1.0,0.0,0.0,,,,,,1.0,inf,False,too_few_frames
29,22,67.493,68.335,0.8419999999999987,0.045454545454545456,0.7805,0.0,0.0,0.0,0.0,0.0,0.0,0.0,0.0,0.0,0.0,False,few_detections
30,44,69.497,71.22,1.722999999999999,0.09090909090909091,0.7775000000000001,0.0,8.884779006818597,9.238445748183205,1.9851007531117448,18.758849435257737,4.293569610475628,77.91562166688502,107.33924026187393,0.0,1.0398059131344952,False,few_detections
31,19,72.383,73.104,0.7210000000000036,0.0,,1.0,0.0,0.0,,,,,,1.0,inf,False,too_few_frames
32,19,74.266,74.988,0.7219999999999942,0.0,,1.0,0.0,0.0,,,,,,1.0,inf,False,too_few_frames
33,19,76.15,76.872,0.7219999999999942,0.0,,1.0,0.0,0.0,,,,,,1.0,inf,False,too_few_frames
34,19,78.034,78.755,0.7209999999999894,0.0,,1.0,0.0,0.0,,,,,,1.0,inf,False,too_few_frames
35,21,79.918,80.719,0.8009999999999877,0.09523809523809523,0.8267,0.0,0.0,0.0,0.0,0.0,0.0,0.0,0.0,0.0,0.0,False,few_detections
36,43,81.881,83.565,1.6839999999999975,0.18604651162790697,0.8251,0.0,1.7843421757047917,7.417326735178851,1.274754878399959,21.12416981220768,1.8684648779144357,37.90807846612379,46.711621947870185,0.0,4.156897054932362,False,too_small_displacement
37,19,84.727,85.448,0.7209999999999894,0.0,,1.0,0.0,0.0,,,,,,1.0,inf,False,too_few_frames
38,19,86.611,87.332,0.7209999999999894,0.0,,1.0,0.0,0.0,,,,,,1.0,inf,False,too_few_frames
40,19,99.436,100.157,0.7209999999999894,0.0,,1.0,0.0,0.0,,,,,,1.0,inf,False,too_few_frames
41,19,101.32,102.041,0.7210000000000036,0.0,,1.0,0.0,0.0,,,,,,1.0,inf,False,too_few_frames
42,19,103.203,103.925,0.7219999999999942,0.0,,1.0,0.0,0.0,,,,,,1.0,inf,False,too_few_frames
43,19,105.087,105.809,0.7219999999999942,0.0,,1.0,0.0,0.0,,,,,,1.0,inf,False,too_few_frames
44,19,106.971,107.692,0.7209999999999894,0.0,,1.0,0.0,0.0,,,,,,1.0,inf,False,too_few_frames
45,19,108.855,109.576,0.7209999999999894,0.0,,1.0,0.0,0.0,,,,,,1.0,inf,False,too_few_frames
46,19,110.738,111.46,0.7219999999999942,0.0,,1.0,0.0,0.0,,,,,,1.0,inf,False,too_few_frames
47,19,112.622,113.343,0.7210000000000036,0.0,,1.0,0.0,0.0,,,,,,1.0,inf,False,too_few_frames
49,19,121.68,122.401,0.7209999999999894,0.0,,1.0,0.0,0.0,,,,,,1.0,inf,False,too_few_frames
50,20,123.564,124.325,0.7610000000000099,0.05,0.7988,0.0,0.0,0.0,0.0,0.0,0.0,0.0,0.0,0.0,0.0,False,few_detections
52,19,130.056,130.778,0.72199999999998,0.0,,1.0,0.0,0.0,,,,,,1.0,inf,False,too_few_frames
53,19,131.94,132.661,0.7210000000000036,0.0,,1.0,0.0,0.0,,,,,,1.0,inf,False,too_few_frames
54,19,133.824,134.545,0.7209999999999752,0.0,,1.0,0.0,0.0,,,,,,1.0,inf,False,too_few_frames
55,19,135.707,136.429,0.7220000000000084,0.0,,1.0,0.0,0.0,,,,,,1.0,inf,False,too_few_frames
56,19,137.591,138.313,0.72199999999998,0.0,,1.0,0.0,0.0,,,,,,1.0,inf,False,too_few_frames
57,19,139.475,140.196,0.7210000000000036,0.0,,1.0,0.0,0.0,,,,,,1.0,inf,False,too_few_frames
58,19,141.359,142.08,0.7210000000000036,0.0,,1.0,0.0,0.0,,,,,,1.0,inf,False,too_few_frames
60,19,148.813,149.535,0.7220000000000084,0.0,,1.0,0.0,0.0,,,,,,1.0,inf,False,too_few_frames
61,19,150.697,151.418,0.7210000000000036,0.0,,1.0,0.0,0.0,,,,,,1.0,inf,False,too_few_frames
62,19,152.581,153.302,0.7210000000000036,0.0,,1.0,0.0,0.0,,,,,,1.0,inf,False,too_few_frames
63,19,154.464,155.186,0.7220000000000084,0.0,,1.0,0.0,0.0,,,,,,1.0,inf,False,too_few_frames
64,19,156.348,157.07,0.72199999999998,0.0,,1.0,0.0,0.0,,,,,,1.0,inf,False,too_few_frames
65,19,158.232,158.953,0.7210000000000036,0.0,,1.0,0.0,0.0,,,,,,1.0,inf,False,too_few_frames
66,19,160.116,160.837,0.7209999999999752,0.0,,1.0,0.0,0.0,,,,,,1.0,inf,False,too_few_frames
68,19,170.256,170.977,0.7210000000000036,0.0,,1.0,0.0,0.0,,,,,,1.0,inf,False,too_few_frames
69,19,172.139,172.861,0.72199999999998,0.0,,1.0,0.0,0.0,,,,,,1.0,inf,False,too_few_frames
70,19,174.023,174.744,0.7210000000000036,0.0,,1.0,0.0,0.0,,,,,,1.0,inf,False,too_few_frames
71,19,175.907,176.628,0.7209999999999752,0.0,,1.0,0.0,0.0,,,,,,1.0,inf,False,too_few_frames
72,19,177.79,178.512,0.7220000000000084,0.0,,1.0,0.0,0.0,,,,,,1.0,inf,False,too_few_frames
73,19,179.674,180.396,0.72199999999998,0.0,,1.0,0.0,0.0,,,,,,1.0,inf,False,too_few_frames
74,19,181.558,182.279,0.7210000000000036,0.0,,1.0,0.0,0.0,,,,,,1.0,inf,False,too_few_frames
76,19,191.497,192.219,0.72199999999998,0.0,,1.0,0.0,0.0,,,,,,1.0,inf,False,too_few_frames
77,249,193.381,203.321,9.939999999999998,0.6144578313253012,0.8895,0.0,3123.361545138507,4003.925130580227,417.94855957304463,855.8887534012566,101.25186367173681,1487.176475020649,2531.296591793924,0.004032258064516129,1.2819281638439557,False,jump_max_speed
78,19,204.483,205.204,0.7210000000000036,0.0,,1.0,0.0,0.0,,,,,,1.0,inf,False,too_few_frames
79,19,206.367,207.088,0.7210000000000036,0.0,,1.0,0.0,0.0,,,,,,1.0,inf,False,too_few_frames
80,19,208.25,208.972,0.7220000000000084,0.0,,1.0,0.0,0.0,,,,,,1.0,inf,False,too_few_frames
81,19,210.134,210.856,0.7220000000000084,0.0,,1.0,0.0,0.0,,,,,,1.0,inf,False,too_few_frames
82,19,212.018,212.739,0.7210000000000036,0.0,,1.0,0.0,0.0,,,,,,1.0,inf,False,too_few_frames
84,19,216.747,217.469,0.72199999999998,0.0,,1.0,0.0,0.0,,,,,,1.0,inf,False,too_few_frames
85,19,218.631,219.352,0.7210000000000036,0.0,,1.0,0.0,0.0,,,,,,1.0,inf,False,too_few_frames
86,19,220.515,221.236,0.7210000000000036,0.0,,1.0,0.0,0.0,,,,,,1.0,inf,False,too_few_frames
89,118,228.37,233.059,4.688999999999993,0.4406779661016949,0.8331,0.0,13.50761418608049,46.04038377154024,3.7257549570476827,38.67949167145618,4.322183823022786,85.65412820350791,108.05459557559114,0.0,3.4084763702375036,False,too_small_displacement
91,19,241.757,242.478,0.7210000000000036,0.0,,1.0,0.0,0.0,,,,,,1.0,inf,False,too_few_frames
93,19,248.089,248.81,0.7210000000000036,0.0,,1.0,0.0,0.0,,,,,,1.0,inf,False,too_few_frames
95,40,253.42,254.983,1.5630000000000166,0.075,0.8177,0.0,46.45086906614343,46.7069973424054,8.459462157838304,52.09980960594983,17.543399556528207,411.95838559875824,438.5849889132924,0.0,1.005513960909908,False,few_detections
97,19,264.361,265.083,0.7220000000000368,0.0,,1.0,0.0,0.0,,,,,,1.0,inf,False,too_few_frames
99,86,269.05,272.457,3.4069999999999823,0.22093023255813954,0.8352,0.03488372093023251,12.900652115300351,21.814166107325583,1.8751536730421738,28.693155941036366,4.975703467852561,84.04149210661961,124.39258669625039,0.0,1.6909351490420923,False,too_small_displacement
100,24,273.619,274.541,0.9219999999999686,0.08333333333333333,0.7626999999999999,0.0,1.368003289469808,1.3681541772240131,0.23048861143230293,0.2371708245143923,1.2050265557241635,23.55019541803577,30.125663893131488,0.0,1.0001102978007193,False,few_detections
101,20,275.703,276.465,0.7620000000000005,0.05,0.7652,0.0,0.0,0.0,0.0,0.0,0.0,0.0,0.0,0.0,0.0,False,few_detections
102,19,277.627,278.349,0.72199999999998,0.0,,1.0,0.0,0.0,,,,,,1.0,inf,False,too_few_frames
103,20,279.511,280.272,0.7609999999999673,0.05,0.7929,0.0,0.0,0.0,0.0,0.0,0.0,0.0,0.0,0.0,0.0,False,few_detections
104,19,281.435,282.156,0.7210000000000036,0.0,,1.0,0.0,0.0,,,,,,1.0,inf,False,too_few_frames
105,19,283.318,284.04,0.7220000000000368,0.0,,1.0,0.0,0.0,,,,,,1.0,inf,False,too_few_frames
107,20,290.573,291.334,0.7610000000000241,0.05,0.8023,0.0,0.0,0.0,0.0,0.0,0.0,0.0,0.0,0.0,0.0,False,few_detections
108,19,292.497,293.218,0.7210000000000036,0.0,,1.0,0.0,0.0,,,,,,1.0,inf,False,too_few_frames
109,19,294.38,295.102,0.72199999999998,0.0,,1.0,0.0,0.0,,,,,,1.0,inf,False,too_few_frames
110,19,296.264,296.985,0.7210000000000036,0.0,,1.0,0.0,0.0,,,,,,1.0,inf,False,too_few_frames
111,22,298.148,298.989,0.8409999999999513,0.13636363636363635,0.8586,0.0,3.189035120534007,3.190300180564885,0.6864765108816865,33.750856470593455,1.3500342588245364,33.75085647063398,33.75085647064411,0.0,1.0003966905296002,False,few_detections
112,19,300.152,300.873,0.7210000000000036,0.0,,1.0,0.0,0.0,,,,,,1.0,inf,False,too_few_frames
113,19,302.035,302.757,0.72199999999998,0.0,,1.0,0.0,0.0,,,,,,1.0,inf,False,too_few_frames
114,19,303.919,304.64,0.7210000000000036,0.0,,1.0,0.0,0.0,,,,,,1.0,inf,False,too_few_frames
116,19,310.292,311.013,0.7210000000000036,0.0,,1.0,0.0,0.0,,,,,,1.0,inf,False,too_few_frames
117,19,312.175,312.897,0.72199999999998,0.0,,1.0,0.0,0.0,,,,,,1.0,inf,False,too_few_frames
118,37,314.059,315.502,1.4429999999999836,0.02702702702702703,0.8973,0.18918918918918914,0.0,0.0,0.0,0.0,0.0,0.0,0.0,0.0,0.0,False,few_detections
119,19,316.664,317.386,0.7220000000000368,0.0,,1.0,0.0,0.0,,,,,,1.0,inf,False,too_few_frames
123,29,332.976,334.099,1.1229999999999905,0.034482758620689655,0.7794,0.0,0.0,0.0,0.0,0.0,0.0,0.0,0.0,0.0,0.0,False,few_detections
124,19,335.261,335.982,0.7210000000000036,0.0,,1.0,0.0,0.0,,,,,,1.0,inf,False,too_few_frames
125,19,337.145,337.866,0.7210000000000036,0.0,,1.0,0.0,0.0,,,,,,1.0,inf,False,too_few_frames
126,19,339.028,339.75,0.72199999999998,0.0,,1.0,0.0,0.0,,,,,,1.0,inf,False,too_few_frames
127,19,340.912,341.633,0.7210000000000036,0.0,,1.0,0.0,0.0,,,,,,1.0,inf,False,too_few_frames
128,57,342.796,345.04,2.244000000000028,0.10526315789473684,0.8184,0.0,11.834182523520681,18.31556354562445,3.4173271719296707,43.568343500784884,3.8012693932422685,86.7761010797196,92.71388764006252,0.0,1.5476830367642116,False,few_detections
130,209,349.128,357.465,8.336999999999989,0.7368421052631579,0.93525,0.0,4012.1692149291257,4980.599807088386,734.0157817777388,995.4589576628354,198.6320605139061,1561.8733412270487,4965.801512852169,0.004807692307692308,1.2413733170963397,False,jump_max_step
131,19,358.627,359.348,0.7210000000000036,0.0,,1.0,0.0,0.0,,,,,,1.0,inf,False,too_few_frames
132,19,360.511,361.232,0.7210000000000036,0.0,,1.0,0.0,0.0,,,,,,1.0,inf,False,too_few_frames
133,19,362.394,363.116,0.72199999999998,0.0,,1.0,0.0,0.0,,,,,,1.0,inf,False,too_few_frames
134,19,364.278,364.999,0.7210000000000036,0.0,,1.0,0.0,0.0,,,,,,1.0,inf,False,too_few_frames
135,19,366.162,366.883,0.7210000000000036,0.0,,1.0,0.0,0.0,,,,,,1.0,inf,False,too_few_frames
136,19,368.045,368.767,0.72199999999998,0.0,,1.0,0.0,0.0,,,,,,1.0,inf,False,too_few_frames
137,19,369.929,370.651,0.7220000000000368,0.0,,1.0,0.0,0.0,,,,,,1.0,inf,False,too_few_frames
138,19,371.813,372.534,0.7210000000000036,0.0,,1.0,0.0,0.0,,,,,,1.0,inf,False,too_few_frames
139,19,373.697,374.418,0.7210000000000036,0.0,,1.0,0.0,0.0,,,,,,1.0,inf,False,too_few_frames
140,19,375.58,376.302,0.7220000000000368,0.0,,1.0,0.0,0.0,,,,,,1.0,inf,False,too_few_frames
142,19,384.999,385.72,0.7210000000000036,0.0,,1.0,0.0,0.0,,,,,,1.0,inf,False,too_few_frames
143,19,386.883,387.604,0.7210000000000036,0.0,,1.0,0.0,0.0,,,,,,1.0,inf,False,too_few_frames
144,19,388.766,389.488,0.72199999999998,0.0,,1.0,0.0,0.0,,,,,,1.0,inf,False,too_few_frames
145,19,390.65,391.371,0.7210000000000036,0.0,,1.0,0.0,0.0,,,,,,1.0,inf,False,too_few_frames
146,19,392.534,393.255,0.7210000000000036,0.0,,1.0,0.0,0.0,,,,,,1.0,inf,False,too_few_frames
147,19,394.417,395.139,0.7220000000000368,0.0,,1.0,0.0,0.0,,,,,,1.0,inf,False,too_few_frames
149,19,404.598,405.319,0.7210000000000036,0.0,,1.0,0.0,0.0,,,,,,1.0,inf,False,too_few_frames
150,19,406.481,407.203,0.72199999999998,0.0,,1.0,0.0,0.0,,,,,,1.0,inf,False,too_few_frames
151,19,408.365,409.086,0.7210000000000036,0.0,,1.0,0.0,0.0,,,,,,1.0,inf,False,too_few_frames
152,19,410.249,410.97,0.7210000000000036,0.0,,1.0,0.0,0.0,,,,,,1.0,inf,False,too_few_frames
153,19,412.132,412.854,0.72199999999998,0.0,,1.0,0.0,0.0,,,,,,1.0,inf,False,too_few_frames
154,19,414.016,414.737,0.7210000000000036,0.0,,1.0,0.0,0.0,,,,,,1.0,inf,False,too_few_frames
155,34,415.9,417.222,1.3220000000000027,0.11764705882352941,0.9080999999999999,0.0,96.86767599669149,96.8768996023487,31.202443814531385,287.9192494481576,50.68806736303893,970.3804384607333,1267.2016840771257,0.0,1.0000952186120118,False,few_detections
156,19,418.385,419.106,0.7210000000000036,0.0,,1.0,0.0,0.0,,,,,,1.0,inf,False,too_few_frames
157,19,420.268,420.99,0.7220000000000368,0.0,,1.0,0.0,0.0,,,,,,1.0,inf,False,too_few_frames
158,19,422.152,422.874,0.7220000000000368,0.0,,1.0,0.0,0.0,,,,,,1.0,inf,False,too_few_frames
159,19,424.036,424.757,0.7210000000000036,0.0,,1.0,0.0,0.0,,,,,,1.0,inf,False,too_few_frames
160,19,425.92,426.641,0.7210000000000036,0.0,,1.0,0.0,0.0,,,,,,1.0,inf,False,too_few_frames
161,19,427.803,428.525,0.72199999999998,0.0,,1.0,0.0,0.0,,,,,,1.0,inf,False,too_few_frames
162,19,429.687,430.408,0.7210000000000036,0.0,,1.0,0.0,0.0,,,,,,1.0,inf,False,too_few_frames
163,19,431.571,432.292,0.7209999999999468,0.0,,1.0,0.0,0.0,,,,,,1.0,inf,False,too_few_frames
164,19,433.454,434.176,0.72199999999998,0.0,,1.0,0.0,0.0,,,,,,1.0,inf,False,too_few_frames
165,19,435.338,436.06,0.72199999999998,0.0,,1.0,0.0,0.0,,,,,,1.0,inf,False,too_few_frames
166,19,437.222,437.943,0.7210000000000036,0.0,,1.0,0.0,0.0,,,,,,1.0,inf,False,too_few_frames
167,19,439.106,439.827,0.7210000000000036,0.0,,1.0,0.0,0.0,,,,,,1.0,inf,False,too_few_frames
168,19,440.989,441.711,0.7220000000000368,0.0,,1.0,0.0,0.0,,,,,,1.0,inf,False,too_few_frames
169,19,442.873,443.594,0.7210000000000036,0.0,,1.0,0.0,0.0,,,,,,1.0,inf,False,too_few_frames
170,19,444.757,445.478,0.7210000000000036,0.0,,1.0,0.0,0.0,,,,,,1.0,inf,False,too_few_frames
171,19,446.64,447.362,0.7220000000000368,0.0,,1.0,0.0,0.0,,,,,,1.0,inf,False,too_few_frames
172,19,448.524,449.246,0.72199999999998,0.0,,1.0,0.0,0.0,,,,,,1.0,inf,False,too_few_frames
173,19,450.408,451.129,0.7210000000000036,0.0,,1.0,0.0,0.0,,,,,,1.0,inf,False,too_few_frames
174,19,452.292,453.013,0.7210000000000036,0.0,,1.0,0.0,0.0,,,,,,1.0,inf,False,too_few_frames
175,19,454.175,454.897,0.72199999999998,0.0,,1.0,0.0,0.0,,,,,,1.0,inf,False,too_few_frames
176,19,456.059,456.78,0.7209999999999468,0.0,,1.0,0.0,0.0,,,,,,1.0,inf,False,too_few_frames
177,19,457.943,458.664,0.7210000000000036,0.0,,1.0,0.0,0.0,,,,,,1.0,inf,False,too_few_frames
178,19,459.826,460.548,0.72199999999998,0.0,,1.0,0.0,0.0,,,,,,1.0,inf,False,too_few_frames
179,19,461.71,462.432,0.7220000000000368,0.0,,1.0,0.0,0.0,,,,,,1.0,inf,False,too_few_frames
180,19,463.594,464.315,0.7210000000000036,0.0,,1.0,0.0,0.0,,,,,,1.0,inf,False,too_few_frames
181,19,465.478,466.199,0.7210000000000036,0.0,,1.0,0.0,0.0,,,,,,1.0,inf,False,too_few_frames
182,19,467.361,468.083,0.7220000000000368,0.0,,1.0,0.0,0.0,,,,,,1.0,inf,False,too_few_frames
183,19,469.245,469.966,0.7210000000000036,0.0,,1.0,0.0,0.0,,,,,,1.0,inf,False,too_few_frames
185,19,479.305,480.026,0.7210000000000036,0.0,,1.0,0.0,0.0,,,,,,1.0,inf,False,too_few_frames
186,19,481.188,481.91,0.7220000000000368,0.0,,1.0,0.0,0.0,,,,,,1.0,inf,False,too_few_frames
187,19,483.072,483.794,0.72199999999998,0.0,,1.0,0.0,0.0,,,,,,1.0,inf,False,too_few_frames
188,19,484.956,485.677,0.7210000000000036,0.0,,1.0,0.0,0.0,,,,,,1.0,inf,False,too_few_frames
189,19,486.84,487.561,0.7210000000000036,0.0,,1.0,0.0,0.0,,,,,,1.0,inf,False,too_few_frames
190,19,488.723,489.445,0.72199999999998,0.0,,1.0,0.0,0.0,,,,,,1.0,inf,False,too_few_frames
191,19,490.607,491.328,0.7209999999999468,0.0,,1.0,0.0,0.0,,,,,,1.0,inf,False,too_few_frames
192,19,492.491,493.212,0.7210000000000036,0.0,,1.0,0.0,0.0,,,,,,1.0,inf,False,too_few_frames
193,19,494.374,495.096,0.72199999999998,0.0,,1.0,0.0,0.0,,,,,,1.0,inf,False,too_few_frames
194,19,496.258,496.98,0.7220000000000368,0.0,,1.0,0.0,0.0,,,,,,1.0,inf,False,too_few_frames
195,19,498.142,498.863,0.7210000000000036,0.0,,1.0,0.0,0.0,,,,,,1.0,inf,False,too_few_frames
196,19,500.026,500.747,0.7210000000000036,0.0,,1.0,0.0,0.0,,,,,,1.0,inf,False,too_few_frames
198,19,508.683,509.404,0.7210000000000036,0.0,,1.0,0.0,0.0,,,,,,1.0,inf,False,too_few_frames
199,19,510.566,511.288,0.7220000000000368,0.0,,1.0,0.0,0.0,,,,,,1.0,inf,False,too_few_frames
200,19,512.45,513.172,0.72199999999998,0.0,,1.0,0.0,0.0,,,,,,1.0,inf,False,too_few_frames
201,19,514.334,515.055,0.7210000000000036,0.0,,1.0,0.0,0.0,,,,,,1.0,inf,False,too_few_frames
202,19,516.218,516.939,0.7210000000000036,0.0,,1.0,0.0,0.0,,,,,,1.0,inf,False,too_few_frames
203,19,518.101,518.823,0.72199999999998,0.0,,1.0,0.0,0.0,,,,,,1.0,inf,False,too_few_frames
204,19,519.985,520.706,0.7210000000000036,0.0,,1.0,0.0,0.0,,,,,,1.0,inf,False,too_few_frames
205,19,521.869,522.59,0.7210000000000036,0.0,,1.0,0.0,0.0,,,,,,1.0,inf,False,too_few_frames
206,19,523.752,524.474,0.7220000000000937,0.0,,1.0,0.0,0.0,,,,,,1.0,inf,False,too_few_frames
208,19,532.65,533.371,0.7210000000000036,0.0,,1.0,0.0,0.0,,,,,,1.0,inf,False,too_few_frames
209,19,534.534,535.255,0.7210000000000036,0.0,,1.0,0.0,0.0,,,,,,1.0,inf,False,too_few_frames
210,19,536.417,537.139,0.72199999999998,0.0,,1.0,0.0,0.0,,,,,,1.0,inf,False,too_few_frames
211,19,538.301,539.022,0.7210000000000036,0.0,,1.0,0.0,0.0,,,,,,1.0,inf,False,too_few_frames
212,19,540.185,540.906,0.7210000000000036,0.0,,1.0,0.0,0.0,,,,,,1.0,inf,False,too_few_frames
214,19,548.682,549.403,0.7210000000000036,0.0,,1.0,0.0,0.0,,,,,,1.0,inf,False,too_few_frames
215,19,550.565,551.287,0.72199999999998,0.0,,1.0,0.0,0.0,,,,,,1.0,inf,False,too_few_frames
216,19,552.449,553.17,0.7210000000000036,0.0,,1.0,0.0,0.0,,,,,,1.0,inf,False,too_few_frames
217,19,554.333,555.054,0.7210000000000036,0.0,,1.0,0.0,0.0,,,,,,1.0,inf,False,too_few_frames
218,19,556.216,556.938,0.72199999999998,0.0,,1.0,0.0,0.0,,,,,,1.0,inf,False,too_few_frames
219,19,558.1,558.822,0.72199999999998,0.0,,1.0,0.0,0.0,,,,,,1.0,inf,False,too_few_frames
220,19,559.984,560.705,0.7210000000000036,0.0,,1.0,0.0,0.0,,,,,,1.0,inf,False,too_few_frames
222,19,565.956,566.677,0.7210000000000036,0.0,,1.0,0.0,0.0,,,,,,1.0,inf,False,too_few_frames
223,19,567.839,568.561,0.72199999999998,0.0,,1.0,0.0,0.0,,,,,,1.0,inf,False,too_few_frames
224,19,569.723,570.444,0.7210000000000036,0.0,,1.0,0.0,0.0,,,,,,1.0,inf,False,too_few_frames
225,19,571.607,572.328,0.7210000000000036,0.0,,1.0,0.0,0.0,,,,,,1.0,inf,False,too_few_frames
227,19,579.222,579.943,0.7210000000000036,0.0,,1.0,0.0,0.0,,,,,,1.0,inf,False,too_few_frames
228,19,581.105,581.827,0.72199999999998,0.0,,1.0,0.0,0.0,,,,,,1.0,inf,False,too_few_frames
229,19,582.989,583.711,0.72199999999998,0.0,,1.0,0.0,0.0,,,,,,1.0,inf,False,too_few_frames
230,19,584.873,585.594,0.7210000000000036,0.0,,1.0,0.0,0.0,,,,,,1.0,inf,False,too_few_frames
231,19,586.757,587.478,0.7210000000000036,0.0,,1.0,0.0,0.0,,,,,,1.0,inf,False,too_few_frames
232,19,588.64,589.362,0.72199999999998,0.0,,1.0,0.0,0.0,,,,,,1.0,inf,False,too_few_frames
233,19,590.524,591.245,0.7210000000000036,0.0,,1.0,0.0,0.0,,,,,,1.0,inf,False,too_few_frames
234,19,592.408,593.129,0.7210000000000036,0.0,,1.0,0.0,0.0,,,,,,1.0,inf,False,too_few_frames
235,19,594.291,595.013,0.72199999999998,0.0,,1.0,0.0,0.0,,,,,,1.0,inf,False,too_few_frames
236,19,596.175,596.897,0.7220000000000937,0.0,,1.0,0.0,0.0,,,,,,1.0,inf,False,too_few_frames
238,19,605.233,605.954,0.7210000000000036,0.0,,1.0,0.0,0.0,,,,,,1.0,inf,False,too_few_frames
239,19,607.117,607.838,0.7210000000000036,0.0,,1.0,0.0,0.0,,,,,,1.0,inf,False,too_few_frames
240,19,609.0,609.722,0.72199999999998,0.0,,1.0,0.0,0.0,,,,,,1.0,inf,False,too_few_frames
241,19,610.884,611.606,0.72199999999998,0.0,,1.0,0.0,0.0,,,,,,1.0,inf,False,too_few_frames
242,19,612.768,613.489,0.7210000000000036,0.0,,1.0,0.0,0.0,,,,,,1.0,inf,False,too_few_frames
244,19,622.387,623.108,0.7210000000000036,0.0,,1.0,0.0,0.0,,,,,,1.0,inf,False,too_few_frames
245,19,624.271,624.992,0.7210000000000036,0.0,,1.0,0.0,0.0,,,,,,1.0,inf,False,too_few_frames
246,19,626.154,626.876,0.72199999999998,0.0,,1.0,0.0,0.0,,,,,,1.0,inf,False,too_few_frames
247,19,628.038,628.759,0.7210000000000036,0.0,,1.0,0.0,0.0,,,,,,1.0,inf,False,too_few_frames
248,19,629.922,630.643,0.7210000000000036,0.0,,1.0,0.0,0.0,,,,,,1.0,inf,False,too_few_frames
249,19,631.805,632.527,0.7220000000000937,0.0,,1.0,0.0,0.0,,,,,,1.0,inf,False,too_few_frames
251,199,639.42,647.356,7.9360000000000355,0.6030150753768844,0.92885,0.0,3964.8416772670757,4809.83704513558,524.247109359538,1159.333246718438,307.9164420504369,1670.1231843906933,7697.9110512679235,0.005050505050505051,1.2131220958237483,False,jump_max_step
253,19,651.885,652.606,0.7210000000000036,0.0,,1.0,0.0,0.0,,,,,,1.0,inf,False,too_few_frames
254,19,653.769,654.49,0.7210000000000036,0.0,,1.0,0.0,0.0,,,,,,1.0,inf,False,too_few_frames
255,19,655.652,656.374,0.72199999999998,0.0,,1.0,0.0,0.0,,,,,,1.0,inf,False,too_few_frames
256,19,657.536,658.258,0.7220000000000937,0.0,,1.0,0.0,0.0,,,,,,1.0,inf,False,too_few_frames
257,19,659.42,660.141,0.7210000000000036,0.0,,1.0,0.0,0.0,,,,,,1.0,inf,False,too_few_frames
258,19,661.304,662.025,0.7210000000000036,0.0,,1.0,0.0,0.0,,,,,,1.0,inf,False,too_few_frames
260,19,669.76,670.482,0.72199999999998,0.0,,1.0,0.0,0.0,,,,,,1.0,inf,False,too_few_frames
261,19,671.644,672.365,0.7210000000000036,0.0,,1.0,0.0,0.0,,,,,,1.0,inf,False,too_few_frames
262,19,673.528,674.249,0.7210000000000036,0.0,,1.0,0.0,0.0,,,,,,1.0,inf,False,too_few_frames
263,19,675.411,676.133,0.7220000000000937,0.0,,1.0,0.0,0.0,,,,,,1.0,inf,False,too_few_frames
264,19,677.295,678.016,0.7210000000000036,0.0,,1.0,0.0,0.0,,,,,,1.0,inf,False,too_few_frames
265,19,679.179,679.9,0.7210000000000036,0.0,,1.0,0.0,0.0,,,,,,1.0,inf,False,too_few_frames
266,19,681.062,681.784,0.72199999999998,0.0,,1.0,0.0,0.0,,,,,,1.0,inf,False,too_few_frames
267,19,682.946,683.668,0.72199999999998,0.0,,1.0,0.0,0.0,,,,,,1.0,inf,False,too_few_frames
268,19,684.83,685.551,0.7210000000000036,0.0,,1.0,0.0,0.0,,,,,,1.0,inf,False,too_few_frames
270,19,694.048,694.769,0.7210000000000036,0.0,,1.0,0.0,0.0,,,,,,1.0,inf,False,too_few_frames
271,19,695.932,696.653,0.7210000000000036,0.0,,1.0,0.0,0.0,,,,,,1.0,inf,False,too_few_frames
272,299,697.815,709.759,11.94399999999996,0.802675585284281,0.8826,0.0,1036.849717217013,2905.923745440263,60.387094964972206,989.0372698368776,148.75355933892803,1662.0449100672874,3718.838983476583,0.003355704697986577,2.8026469961722063,False,jump_max_step
273,19,710.921,711.643,0.72199999999998,0.0,,1.0,0.0,0.0,,,,,,1.0,inf,False,too_few_frames
274,19,712.805,713.526,0.7210000000000036,0.0,,1.0,0.0,0.0,,,,,,1.0,inf,False,too_few_frames
276,19,720.54,721.262,0.72199999999998,0.0,,1.0,0.0,0.0,,,,,,1.0,inf,False,too_few_frames
277,19,722.424,723.145,0.7210000000000036,0.0,,1.0,0.0,0.0,,,,,,1.0,inf,False,too_few_frames
278,19,724.308,725.029,0.7210000000000036,0.0,,1.0,0.0,0.0,,,,,,1.0,inf,False,too_few_frames
279,19,726.191,726.913,0.72199999999998,0.0,,1.0,0.0,0.0,,,,,,1.0,inf,False,too_few_frames
280,19,728.075,728.797,0.72199999999998,0.0,,1.0,0.0,0.0,,,,,,1.0,inf,False,too_few_frames
281,19,729.959,730.68,0.7210000000000036,0.0,,1.0,0.0,0.0,,,,,,1.0,inf,False,too_few_frames
282,19,731.843,732.564,0.7210000000000036,0.0,,1.0,0.0,0.0,,,,,,1.0,inf,False,too_few_frames
283,19,733.726,734.448,0.72199999999998,0.0,,1.0,0.0,0.0,,,,,,1.0,inf,False,too_few_frames
285,19,748.716,749.437,0.7210000000000036,0.0,,1.0,0.0,0.0,,,,,,1.0,inf,False,too_few_frames
286,19,750.6,751.321,0.7210000000000036,0.0,,1.0,0.0,0.0,,,,,,1.0,inf,False,too_few_frames
287,19,752.483,753.205,0.7220000000000937,0.0,,1.0,0.0,0.0,,,,,,1.0,inf,False,too_few_frames
288,19,754.367,755.088,0.7210000000000036,0.0,,1.0,0.0,0.0,,,,,,1.0,inf,False,too_few_frames
289,19,756.251,756.972,0.7210000000000036,0.0,,1.0,0.0,0.0,,,,,,1.0,inf,False,too_few_frames
290,19,758.134,758.856,0.72199999999998,0.0,,1.0,0.0,0.0,,,,,,1.0,inf,False,too_few_frames
291,19,760.018,760.74,0.72199999999998,0.0,,1.0,0.0,0.0,,,,,,1.0,inf,False,too_few_frames
292,19,761.902,762.623,0.7210000000000036,0.0,,1.0,0.0,0.0,,,,,,1.0,inf,False,too_few_frames
293,19,763.786,764.507,0.7210000000000036,0.0,,1.0,0.0,0.0,,,,,,1.0,inf,False,too_few_frames
294,19,765.669,766.391,0.72199999999998,0.0,,1.0,0.0,0.0,,,,,,1.0,inf,False,too_few_frames
295,19,767.553,768.274,0.7210000000000036,0.0,,1.0,0.0,0.0,,,,,,1.0,inf,False,too_few_frames
296,19,769.437,770.158,0.7210000000000036,0.0,,1.0,0.0,0.0,,,,,,1.0,inf,False,too_few_frames
297,19,771.32,772.042,0.72199999999998,0.0,,1.0,0.0,0.0,,,,,,1.0,inf,False,too_few_frames
298,35,773.204,774.567,1.3630000000000564,0.02857142857142857,0.7619,1.0,0.0,0.0,,,,,,1.0,inf,False,few_detections
299,19,775.729,776.45,0.7210000000000036,0.0,,1.0,0.0,0.0,,,,,,1.0,inf,False,too_few_frames
300,24,777.613,778.535,0.9219999999999118,0.041666666666666664,0.8711,0.0,0.0,0.0,0.0,0.0,0.0,0.0,0.0,0.0,0.0,False,few_detections
301,19,779.697,780.418,0.7210000000000036,0.0,,1.0,0.0,0.0,,,,,,1.0,inf,False,too_few_frames
302,42,781.581,783.224,1.643000000000029,0.40476190476190477,0.8523,0.0,641.3871028676834,641.9382616976037,219.83690119060114,1275.6880888379228,126.7115139993206,2642.591557974918,3167.7878499768926,0.024390243902439025,1.0008593232190919,False,jump_max_step
303,34,784.386,785.709,1.322999999999979,0.14705882352941177,0.784,0.0,3.9430792535783343,7.720766465400554,1.7327723451172972,42.72743178030714,2.535728100566398,60.79141344817057,63.393202514217606,0.0,1.9580551058906508,False,few_detections
304,19,786.871,787.592,0.7210000000000036,0.0,,1.0,0.0,0.0,,,,,,1.0,inf,False,too_few_frames
305,19,788.755,789.476,0.7210000000000036,0.0,,1.0,0.0,0.0,,,,,,1.0,inf,False,too_few_frames
307,19,800.338,801.059,0.7210000000000036,0.0,,1.0,0.0,0.0,,,,,,1.0,inf,False,too_few_frames
308,19,802.221,802.943,0.72199999999998,0.0,,1.0,0.0,0.0,,,,,,1.0,inf,False,too_few_frames
309,19,804.105,804.826,0.7210000000000036,0.0,,1.0,0.0,0.0,,,,,,1.0,inf,False,too_few_frames
310,19,805.989,806.71,0.7210000000000036,0.0,,1.0,0.0,0.0,,,,,,1.0,inf,False,too_few_frames
311,19,807.872,808.594,0.7220000000000937,0.0,,1.0,0.0,0.0,,,,,,1.0,inf,False,too_few_frames
312,19,809.756,810.478,0.72199999999998,0.0,,1.0,0.0,0.0,,,,,,1.0,inf,False,too_few_frames
313,19,811.64,812.361,0.7210000000000036,0.0,,1.0,0.0,0.0,,,,,,1.0,inf,False,too_few_frames
314,19,813.524,814.245,0.7210000000000036,0.0,,1.0,0.0,0.0,,,,,,1.0,inf,False,too_few_frames
315,19,815.407,816.129,0.72199999999998,0.0,,1.0,0.0,0.0,,,,,,1.0,inf,False,too_few_frames
316,19,817.291,818.012,0.72099999999989,0.0,,1.0,0.0,0.0,,,,,,1.0,inf,False,too_few_frames
317,19,819.175,819.896,0.7210000000000036,0.0,,1.0,0.0,0.0,,,,,,1.0,inf,False,too_few_frames
318,19,821.058,821.78,0.72199999999998,0.0,,1.0,0.0,0.0,,,,,,1.0,inf,False,too_few_frames
320,19,829.756,830.477,0.7210000000000036,0.0,,1.0,0.0,0.0,,,,,,1.0,inf,False,too_few_frames
321,19,831.639,832.361,0.72199999999998,0.0,,1.0,0.0,0.0,,,,,,1.0,inf,False,too_few_frames
322,19,833.523,834.244,0.7210000000000036,0.0,,1.0,0.0,0.0,,,,,,1.0,inf,False,too_few_frames
323,19,835.407,836.128,0.7210000000000036,0.0,,1.0,0.0,0.0,,,,,,1.0,inf,False,too_few_frames
324,19,837.29,838.012,0.72199999999998,0.0,,1.0,0.0,0.0,,,,,,1.0,inf,False,too_few_frames
325,19,839.174,839.896,0.72199999999998,0.0,,1.0,0.0,0.0,,,,,,1.0,inf,False,too_few_frames
326,19,841.058,841.779,0.7210000000000036,0.0,,1.0,0.0,0.0,,,,,,1.0,inf,False,too_few_frames
327,19,842.942,843.663,0.7210000000000036,0.0,,1.0,0.0,0.0,,,,,,1.0,inf,False,too_few_frames
329,19,851.839,852.56,0.72099999999989,0.0,,1.0,0.0,0.0,,,,,,1.0,inf,False,too_few_frames
330,19,853.723,854.444,0.7210000000000036,0.0,,1.0,0.0,0.0,,,,,,1.0,inf,False,too_few_frames
331,19,855.607,856.328,0.7210000000000036,0.0,,1.0,0.0,0.0,,,,,,1.0,inf,False,too_few_frames
332,19,857.49,858.212,0.72199999999998,0.0,,1.0,0.0,0.0,,,,,,1.0,inf,False,too_few_frames
333,19,859.374,860.095,0.7210000000000036,0.0,,1.0,0.0,0.0,,,,,,1.0,inf,False,too_few_frames
334,19,861.258,861.979,0.7210000000000036,0.0,,1.0,0.0,0.0,,,,,,1.0,inf,False,too_few_frames
335,19,863.141,863.863,0.7220000000000937,0.0,,1.0,0.0,0.0,,,,,,1.0,inf,False,too_few_frames
336,19,865.025,865.746,0.7210000000000036,0.0,,1.0,0.0,0.0,,,,,,1.0,inf,False,too_few_frames
337,19,866.909,867.63,0.7210000000000036,0.0,,1.0,0.0,0.0,,,,,,1.0,inf,False,too_few_frames
338,19,868.792,869.514,0.72199999999998,0.0,,1.0,0.0,0.0,,,,,,1.0,inf,False,too_few_frames
339,19,870.676,871.398,0.72199999999998,0.0,,1.0,0.0,0.0,,,,,,1.0,inf,False,too_few_frames
341,46,880.496,882.299,1.8029999999999973,0.15217391304347827,0.8916,0.0,396.9567747375022,398.20114072863606,178.6296505406247,376.66347487948167,119.89874780413673,2296.163625405496,2997.4686951061444,0.022222222222222223,1.0031347644638555,False,jump_max_speed
342,19,883.461,884.183,0.72199999999998,0.0,,1.0,0.0,0.0,,,,,,1.0,inf,False,too_few_frames
343,19,885.345,886.067,0.72199999999998,0.0,,1.0,0.0,0.0,,,,,,1.0,inf,False,too_few_frames
344,19,887.229,887.95,0.7210000000000036,0.0,,1.0,0.0,0.0,,,,,,1.0,inf,False,too_few_frames
345,19,889.113,889.834,0.72099999999989,0.0,,1.0,0.0,0.0,,,,,,1.0,inf,False,too_few_frames
346,19,890.996,891.718,0.72199999999998,0.0,,1.0,0.0,0.0,,,,,,1.0,inf,False,too_few_frames
347,19,892.88,893.601,0.7210000000000036,0.0,,1.0,0.0,0.0,,,,,,1.0,inf,False,too_few_frames
348,19,894.764,895.485,0.7210000000000036,0.0,,1.0,0.0,0.0,,,,,,1.0,inf,False,too_few_frames
349,19,896.647,897.369,0.72199999999998,0.0,,1.0,0.0,0.0,,,,,,1.0,inf,False,too_few_frames
350,66,898.531,901.136,2.605000000000018,0.21212121212121213,0.79775,0.0,277.66780939280676,343.95427566367886,9.900000000007958,137.29186459419515,138.79494123706363,1837.5554881296084,3469.8735309297463,0.015384615384615385,1.2387257868163573,False,jump_max_step
351,19,902.299,903.02,0.7210000000000036,0.0,,1.0,0.0,0.0,,,,,,1.0,inf,False,too_few_frames
353,19,909.473,910.194,0.7210000000000036,0.0,,1.0,0.0,0.0,,,,,,1.0,inf,False,too_few_frames
354,19,911.356,912.078,0.72199999999998,0.0,,1.0,0.0,0.0,,,,,,1.0,inf,False,too_few_frames
355,19,913.24,913.962,0.72199999999998,0.0,,1.0,0.0,0.0,,,,,,1.0,inf,False,too_few_frames
356,19,915.124,915.845,0.7210000000000036,0.0,,1.0,0.0,0.0,,,,,,1.0,inf,False,too_few_frames
357,19,917.008,917.729,0.7210000000000036,0.0,,1.0,0.0,0.0,,,,,,1.0,inf,False,too_few_frames
358,19,918.891,919.613,0.7220000000000937,0.0,,1.0,0.0,0.0,,,,,,1.0,inf,False,too_few_frames
359,19,920.775,921.496,0.7210000000000036,0.0,,1.0,0.0,0.0,,,,,,1.0,inf,False,too_few_frames
360,19,922.659,923.38,0.7210000000000036,0.0,,1.0,0.0,0.0,,,,,,1.0,inf,False,too_few_frames
361,19,924.542,925.264,0.72199999999998,0.0,,1.0,0.0,0.0,,,,,,1.0,inf,False,too_few_frames
362,51,926.426,928.43,2.0039999999999054,0.058823529411764705,0.8005,0.05882352941176472,72.28363226208238,72.30354097863379,0.0,25.416161197181804,49.30617390347757,718.4411877027924,1232.654347584557,0.0,1.0002754249603731,False,few_detections
363,41,929.592,931.195,1.6030000000000655,0.07317073170731707,0.8864,0.14634146341463417,3.4831286223739064,3.487404188747845,1.2969896918233434,3.914233149174555,2.188658036331771,39.53927210859453,54.716450908344044,0.0,1.0012275074616752,False,few_detections
364,19,932.358,933.079,0.7210000000000036,0.0,,1.0,0.0,0.0,,,,,,1.0,inf,False,too_few_frames
365,19,934.241,934.963,0.72199999999998,0.0,,1.0,0.0,0.0,,,,,,1.0,inf,False,too_few_frames
366,19,936.125,936.847,0.72199999999998,0.0,,1.0,0.0,0.0,,,,,,1.0,inf,False,too_few_frames
367,19,938.009,938.73,0.7210000000000036,0.0,,1.0,0.0,0.0,,,,,,1.0,inf,False,too_few_frames
370,19,950.754,951.475,0.7210000000000036,0.0,,1.0,0.0,0.0,,,,,,1.0,inf,False,too_few_frames
371,66,952.638,955.243,2.605000000000018,0.3939393939393939,0.82185,0.0,6.770038995456328,21.775594861225215,1.2966302479864047,28.3031718835397,5.767148775608156,82.56033898055111,144.17871939033503,0.0,3.2164652043865303,False,too_small_displacement
372,38,956.405,957.888,1.483000000000061,0.02631578947368421,0.8913,0.21052631578947367,0.0,0.0,0.0,0.0,0.0,0.0,0.0,0.0,0.0,False,few_detections
373,19,959.05,959.772,0.7220000000000937,0.0,,1.0,0.0,0.0,,,,,,1.0,inf,False,too_few_frames
375,19,965.142,965.864,0.72199999999998,0.0,,1.0,0.0,0.0,,,,,,1.0,inf,False,too_few_frames
376,27,967.026,968.068,1.04200000000003,0.2962962962962963,0.8961,0.0,0.8657909678438563,1.4102540593154114,0.4670385423030039,6.251250213470664,0.2852805636560826,6.822451433718167,6.958062528207324,0.0,1.628862059888973,False,too_small_displacement
377,19,969.23,969.952,0.72199999999998,0.0,,1.0,0.0,0.0,,,,,,1.0,inf,False,too_few_frames
378,19,971.114,971.836,0.72199999999998,0.0,,1.0,0.0,0.0,,,,,,1.0,inf,False,too_few_frames
379,19,972.998,973.719,0.7210000000000036,0.0,,1.0,0.0,0.0,,,,,,1.0,inf,False,too_few_frames
380,19,974.882,975.603,0.7210000000000036,0.0,,1.0,0.0,0.0,,,,,,1.0,inf,False,too_few_frames
381,19,976.765,977.487,0.72199999999998,0.0,,1.0,0.0,0.0,,,,,,1.0,inf,False,too_few_frames
382,19,978.649,979.37,0.7210000000000036,0.0,,1.0,0.0,0.0,,,,,,1.0,inf,False,too_few_frames
383,19,980.533,981.254,0.7210000000000036,0.0,,1.0,0.0,0.0,,,,,,1.0,inf,False,too_few_frames
384,19,982.416,983.138,0.72199999999998,0.0,,1.0,0.0,0.0,,,,,,1.0,inf,False,too_few_frames
385,19,984.3,985.022,0.7220000000000937,0.0,,1.0,0.0,0.0,,,,,,1.0,inf,False,too_few_frames
386,19,986.184,986.905,0.7210000000000036,0.0,,1.0,0.0,0.0,,,,,,1.0,inf,False,too_few_frames
387,19,988.068,988.789,0.7210000000000036,0.0,,1.0,0.0,0.0,,,,,,1.0,inf,False,too_few_frames
389,19,997.326,998.047,0.7210000000000036,0.0,,1.0,0.0,0.0,,,,,,1.0,inf,False,too_few_frames
390,19,999.21,999.931,0.7210000000000036,0.0,,1.0,0.0,0.0,,,,,,1.0,inf,False,too_few_frames
391,19,1001.093,1001.815,0.7220000000000937,0.0,,1.0,0.0,0.0,,,,,,1.0,inf,False,too_few_frames
392,19,1002.977,1003.698,0.7210000000000036,0.0,,1.0,0.0,0.0,,,,,,1.0,inf,False,too_few_frames
394,19,1011.875,1012.596,0.7210000000000036,0.0,,1.0,0.0,0.0,,,,,,1.0,inf,False,too_few_frames
395,19,1013.758,1014.48,0.72199999999998,0.0,,1.0,0.0,0.0,,,,,,1.0,inf,False,too_few_frames
396,19,1015.642,1016.363,0.7210000000000036,0.0,,1.0,0.0,0.0,,,,,,1.0,inf,False,too_few_frames
397,19,1017.526,1018.247,0.7210000000000036,0.0,,1.0,0.0,0.0,,,,,,1.0,inf,False,too_few_frames
398,19,1019.409,1020.131,0.72199999999998,0.0,,1.0,0.0,0.0,,,,,,1.0,inf,False,too_few_frames
399,19,1021.293,1022.015,0.72199999999998,0.0,,1.0,0.0,0.0,,,,,,1.0,inf,False,too_few_frames
401,19,1028.187,1028.908,0.7210000000000036,0.0,,1.0,0.0,0.0,,,,,,1.0,inf,False,too_few_frames
402,19,1030.07,1030.792,0.72199999999998,0.0,,1.0,0.0,0.0,,,,,,1.0,inf,False,too_few_frames
403,19,1031.954,1032.676,0.72199999999998,0.0,,1.0,0.0,0.0,,,,,,1.0,inf,False,too_few_frames
405,19,1040.21,1040.932,0.72199999999998,0.0,,1.0,0.0,0.0,,,,,,1.0,inf,False,too_few_frames
406,19,1042.094,1042.816,0.72199999999998,0.0,,1.0,0.0,0.0,,,,,,1.0,inf,False,too_few_frames
407,19,1043.978,1044.699,0.7210000000000036,0.0,,1.0,0.0,0.0,,,,,,1.0,inf,False,too_few_frames
408,19,1045.862,1046.583,0.7210000000000036,0.0,,1.0,0.0,0.0,,,,,,1.0,inf,False,too_few_frames
409,19,1047.745,1048.467,0.7220000000002074,0.0,,1.0,0.0,0.0,,,,,,1.0,inf,False,too_few_frames
410,19,1049.629,1050.35,0.7210000000000036,0.0,,1.0,0.0,0.0,,,,,,1.0,inf,False,too_few_frames
411,19,1051.513,1052.234,0.7210000000000036,0.0,,1.0,0.0,0.0,,,,,,1.0,inf,False,too_few_frames
412,19,1053.396,1054.118,0.72199999999998,0.0,,1.0,0.0,0.0,,,,,,1.0,inf,False,too_few_frames
414,19,1061.813,1062.534,0.7210000000000036,0.0,,1.0,0.0,0.0,,,,,,1.0,inf,False,too_few_frames
415,19,1063.697,1064.418,0.7210000000000036,0.0,,1.0,0.0,0.0,,,,,,1.0,inf,False,too_few_frames
416,19,1065.58,1066.302,0.72199999999998,0.0,,1.0,0.0,0.0,,,,,,1.0,inf,False,too_few_frames
417,19,1067.464,1068.186,0.72199999999998,0.0,,1.0,0.0,0.0,,,,,,1.0,inf,False,too_few_frames
418,19,1069.348,1070.069,0.7210000000000036,0.0,,1.0,0.0,0.0,,,,,,1.0,inf,False,too_few_frames
420,19,1078.847,1079.568,0.7210000000000036,0.0,,1.0,0.0,0.0,,,,,,1.0,inf,False,too_few_frames
421,19,1080.73,1081.452,0.72199999999998,0.0,,1.0,0.0,0.0,,,,,,1.0,inf,False,too_few_frames
422,100,1082.614,1086.582,3.9680000000000746,0.27,0.8697,0.0,766.4671304119963,768.1855780103382,193.2650527774512,304.11765320335314,146.48478247244662,1021.3134324261654,3662.119561814496,0.010101010101010102,1.002242036912161,False,jump_max_step
424,19,1092.393,1093.115,0.72199999999998,0.0,,1.0,0.0,0.0,,,,,,1.0,inf,False,too_few_frames
425,19,1094.277,1094.998,0.7210000000000036,0.0,,1.0,0.0,0.0,,,,,,1.0,inf,False,too_few_frames
426,19,1096.161,1096.882,0.7210000000000036,0.0,,1.0,0.0,0.0,,,,,,1.0,inf,False,too_few_frames
427,19,1098.044,1098.766,0.72199999999998,0.0,,1.0,0.0,0.0,,,,,,1.0,inf,False,too_few_frames
428,19,1099.928,1100.65,0.72199999999998,0.0,,1.0,0.0,0.0,,,,,,1.0,inf,False,too_few_frames
430,19,1114.918,1115.639,0.7210000000000036,0.0,,1.0,0.0,0.0,,,,,,1.0,inf,False,too_few_frames
431,19,1116.801,1117.523,0.72199999999998,0.0,,1.0,0.0,0.0,,,,,,1.0,inf,False,too_few_frames
432,19,1118.685,1119.406,0.7210000000000036,0.0,,1.0,0.0,0.0,,,,,,1.0,inf,False,too_few_frames
433,19,1120.569,1121.29,0.7210000000000036,0.0,,1.0,0.0,0.0,,,,,,1.0,inf,False,too_few_frames
434,19,1122.452,1123.174,0.72199999999998,0.0,,1.0,0.0,0.0,,,,,,1.0,inf,False,too_few_frames
435,19,1124.336,1125.058,0.72199999999998,0.0,,1.0,0.0,0.0,,,,,,1.0,inf,False,too_few_frames
437,19,1133.033,1133.755,0.7220000000002074,0.0,,1.0,0.0,0.0,,,,,,1.0,inf,False,too_few_frames
438,19,1134.917,1135.638,0.7210000000000036,0.0,,1.0,0.0,0.0,,,,,,1.0,inf,False,too_few_frames
439,60,1136.801,1139.165,2.3640000000000327,0.15,0.8104,0.0,4.8394036822733355,9.950309077649667,0.8400148808171675,18.75739109078868,3.308663325272005,63.9347083590013,82.71658313187535,0.0,2.0561023074180613,False,too_small_displacement
440,19,1140.328,1141.049,0.7210000000000036,0.0,,1.0,0.0,0.0,,,,,,1.0,inf,False,too_few_frames
441,19,1142.211,1142.933,0.72199999999998,0.0,,1.0,0.0,0.0,,,,,,1.0,inf,False,too_few_frames
442,19,1144.095,1144.817,0.72199999999998,0.0,,1.0,0.0,0.0,,,,,,1.0,inf,False,too_few_frames
443,19,1145.979,1146.7,0.7210000000000036,0.0,,1.0,0.0,0.0,,,,,,1.0,inf,False,too_few_frames
445,19,1154.997,1155.718,0.7210000000000036,0.0,,1.0,0.0,0.0,,,,,,1.0,inf,False,too_few_frames
446,61,1156.88,1159.285,2.4049999999999727,0.32786885245901637,0.82985,0.0,121.3184460871471,873.9529566686192,81.15804598266476,1815.6697077338915,222.43233274189262,3922.339770137988,5560.808318552373,0.05,7.203792867910867,False,jump_max_step
448,19,1165.658,1166.379,0.7210000000000036,0.0,,1.0,0.0,0.0,,,,,,1.0,inf,False,too_few_frames
449,32,1167.541,1168.784,1.2430000000001655,0.0625,0.78725,0.0,4.408454604507179,4.408493247506606,1.3383758814179503,1.3662053171055144,3.437955351658882,60.57610456061661,85.94888379155022,0.0,1.0000087656566516,False,few_detections
450,53,1169.946,1172.03,2.08400000000006,0.16981132075471697,0.7795,0.0,27.450877599814675,32.45649785346777,8.60491956068956,87.49240746859701,6.455884834784347,154.51905131296814,161.39712086975547,0.0,1.182348277771888,False,too_small_displacement
451,19,1173.192,1173.914,0.72199999999998,0.0,,1.0,0.0,0.0,,,,,,1.0,inf,False,too_few_frames
453,26,1177.721,1178.723,1.0019999999999527,0.07692307692307693,0.82105,0.0,4.8837465126683215,4.883785288479651,1.0277402395554145,1.063014581264877,4.133511461215541,78.79184126267018,103.3377865304825,0.0,1.0000079397673955,False,few_detections
454,55,1179.886,1182.05,2.1639999999999873,0.4,0.83035,0.0,6.322802305939901,18.089973463752507,4.541544340863809,25.849892155733666,3.301880221934171,54.644092607774994,82.54700554842935,0.0,2.8610689672770633,False,too_small_displacement
455,65,1183.212,1185.777,2.5650000000000546,0.2153846153846154,0.78885,0.0,2.278360155901679,5.777982295613705,0.6880481226911318,13.039538081264041,1.0224680924116658,24.128197072499823,25.561702310314892,0.0,2.53602674741607,False,too_small_displacement
456,32,1186.94,1188.182,1.2419999999999618,0.15625,0.7811,0.0,4.0583623544480245,4.154453680251298,1.9650063613170674,16.570397049250943,1.3071147616030605,29.977863609171987,32.67786904010623,0.0,1.0236773647621573,False,too_small_displacement
457,19,1189.344,1190.066,0.72199999999998,0.0,,1.0,0.0,0.0,,,,,,1.0,inf,False,too_few_frames
458,19,1191.228,1191.949,0.7210000000000036,0.0,,1.0,0.0,0.0,,,,,,1.0,inf,False,too_few_frames
459,19,1193.112,1193.833,0.7210000000000036,0.0,,1.0,0.0,0.0,,,,,,1.0,inf,False,too_few_frames
461,19,1202.53,1203.252,0.72199999999998,0.0,,1.0,0.0,0.0,,,,,,1.0,inf,False,too_few_frames
462,24,1204.414,1205.336,0.9220000000000255,0.08333333333333333,0.80435,0.0,3.038649206473139,3.0387308051868325,0.5,0.5202163011711359,2.676154330377734,52.299457028671,66.9038582595042,0.0,1.0000268536142702,False,few_detections
463,21,1206.498,1207.3,0.8019999999999072,0.09523809523809523,0.8613999999999999,0.0,0.14505516192124157,0.14524903099322126,0.20000000000113688,0.2027286215237935,0.009000000000014552,0.2205457243052134,0.22500000000056844,0.0,1.001336519634406,False,few_detections
464,41,1208.462,1210.065,1.6030000000000655,0.14634146341463414,0.8049,0.0,2.7689183808845965,16.40121756560172,3.73089773021836,81.02199257770333,5.327870306229253,112.84859927537633,133.19675765585248,0.0,5.92333009121127,False,few_detections
465,33,1211.227,1212.51,1.2829999999999018,0.18181818181818182,0.83335,0.0,6.385568729565283,7.653582687703355,1.2313610355992526,13.524822663289639,5.371762932222661,97.87132574295512,134.29407330568867,0.0,1.1985749448231835,False,too_small_displacement
466,20,1213.672,1214.434,0.7619999999999436,0.05,0.8546,0.0,0.0,0.0,0.0,0.0,0.0,0.0,0.0,0.0,0.0,False,few_detections
467,24,1215.596,1216.518,0.9220000000000255,0.041666666666666664,0.7936,0.0,0.0,0.0,0.0,0.0,0.0,0.0,0.0,0.0,0.0,False,few_detections
470,19,1236.557,1237.279,0.72199999999998,0.0,,1.0,0.0,0.0,,,,,,1.0,inf,False,too_few_frames
471,19,1238.441,1239.163,0.72199999999998,0.0,,1.0,0.0,0.0,,,,,,1.0,inf,False,too_few_frames
472,19,1240.325,1241.046,0.7210000000000036,0.0,,1.0,0.0,0.0,,,,,,1.0,inf,False,too_few_frames
473,29,1242.209,1243.331,1.1219999999998436,0.1724137931034483,0.7947,0.0,3.506515649473167,4.171291046991583,1.0784827305026758,16.726032162513096,1.506243340234284,32.011440959305304,37.65608350589135,0.0,1.1895828976603298,False,too_small_displacement
474,75,1244.493,1247.459,2.966000000000122,0.3333333333333333,0.8455,0.0,584.2737244417208,753.0263573544772,14.55479668383039,670.5350011629292,274.85983869055883,3027.1842208685066,6871.495967270221,0.013513513513513514,1.2888246139666835,False,jump_max_step
475,34,1248.621,1249.944,1.3229999999998654,0.35294117647058826,0.87115,0.0,4.899258107101674,6.09714971126216,3.110566668634444,14.77725813025546,1.067498477750518,23.97306181742423,26.687461943787223,0.0,1.2445046939707247,False,too_small_displacement
476,51,1251.106,1253.11,2.0039999999999054,0.5490196078431373,0.83745,0.0,4.0408480545550285,10.449510739870739,2.7520439353919484,24.608436688483145,1.5209999999999582,32.89600673683283,38.025000000033536,0.0,2.585969726847703,False,too_small_displacement
477,32,1254.272,1255.515,1.2430000000001655,0.03125,0.807,0.0625,0.0,0.0,0.0,0.0,0.0,0.0,0.0,0.0,0.0,False,few_detections
478,19,1256.677,1257.398,0.7210000000000036,0.0,,1.0,0.0,0.0,,,,,,1.0,inf,False,too_few_frames
479,19,1258.561,1259.282,0.7210000000000036,0.0,,1.0,0.0,0.0,,,,,,1.0,inf,False,too_few_frames
480,19,1260.444,1261.166,0.72199999999998,0.0,,1.0,0.0,0.0,,,,,,1.0,inf,False,too_few_frames
481,19,1262.328,1263.05,0.72199999999998,0.0,,1.0,0.0,0.0,,,,,,1.0,inf,False,too_few_frames
482,19,1264.212,1264.933,0.7210000000000036,0.0,,1.0,0.0,0.0,,,,,,1.0,inf,False,too_few_frames
484,39,1272.789,1274.312,1.5229999999999109,0.1282051282051282,0.8272,0.05128205128205132,6.616623005733141,10.819100265753407,1.319327480196361,22.9827662730379,7.44221163364742,131.32431182911552,186.05529084135472,0.0,1.6351392933191031,False,few_detections
485,19,1275.474,1276.196,0.72199999999998,0.0,,1.0,0.0,0.0,,,,,,1.0,inf,False,too_few_frames
486,19,1277.358,1278.079,0.7210000000000036,0.0,,1.0,0.0,0.0,,,,,,1.0,inf,False,too_few_frames
487,19,1279.242,1279.963,0.7210000000000036,0.0,,1.0,0.0,0.0,,,,,,1.0,inf,False,too_few_frames
488,19,1281.125,1281.847,0.72199999999998,0.0,,1.0,0.0,0.0,,,,,,1.0,inf,False,too_few_frames
489,19,1283.009,1283.73,0.7210000000000036,0.0,,1.0,0.0,0.0,,,,,,1.0,inf,False,too_few_frames
490,19,1284.893,1285.614,0.7210000000000036,0.0,,1.0,0.0,0.0,,,,,,1.0,inf,False,too_few_frames
491,19,1286.776,1287.498,0.72199999999998,0.0,,1.0,0.0,0.0,,,,,,1.0,inf,False,too_few_frames
492,19,1288.66,1289.382,0.72199999999998,0.0,,1.0,0.0,0.0,,,,,,1.0,inf,False,too_few_frames
494,19,1298.52,1299.241,0.7210000000000036,0.0,,1.0,0.0,0.0,,,,,,1.0,inf,False,too_few_frames
495,19,1300.403,1301.125,0.72199999999998,0.0,,1.0,0.0,0.0,,,,,,1.0,inf,False,too_few_frames
496,19,1302.287,1303.008,0.7210000000000036,0.0,,1.0,0.0,0.0,,,,,,1.0,inf,False,too_few_frames
497,19,1304.171,1304.892,0.7210000000000036,0.0,,1.0,0.0,0.0,,,,,,1.0,inf,False,too_few_frames
498,19,1306.054,1306.776,0.72199999999998,0.0,,1.0,0.0,0.0,,,,,,1.0,inf,False,too_few_frames
499,19,1307.938,1308.66,0.72199999999998,0.0,,1.0,0.0,0.0,,,,,,1.0,inf,False,too_few_frames
500,19,1309.822,1310.543,0.7210000000000036,0.0,,1.0,0.0,0.0,,,,,,1.0,inf,False,too_few_frames
501,19,1311.706,1312.427,0.7210000000000036,0.0,,1.0,0.0,0.0,,,,,,1.0,inf,False,too_few_frames
502,19,1313.589,1314.311,0.72199999999998,0.0,,1.0,0.0,0.0,,,,,,1.0,inf,False,too_few_frames
503,19,1315.473,1316.194,0.7210000000000036,0.0,,1.0,0.0,0.0,,,,,,1.0,inf,False,too_few_frames
504,19,1317.357,1318.078,0.7210000000000036,0.0,,1.0,0.0,0.0,,,,,,1.0,inf,False,too_few_frames
505,132,1319.24,1324.491,5.250999999999976,0.7803030303030303,0.9315,0.0,3926.2432700547224,4269.376065648432,824.7499999960679,1050.756239193302,173.24673795486018,1122.2553224827927,4331.168448875444,0.007633587786259542,1.0873946854518077,False,jump_max_step
506,19,1325.653,1326.374,0.7210000000000036,0.0,,1.0,0.0,0.0,,,,,,1.0,inf,False,too_few_frames
507,19,1327.537,1328.258,0.7210000000000036,0.0,,1.0,0.0,0.0,,,,,,1.0,inf,False,too_few_frames
508,19,1329.42,1330.142,0.72199999999998,0.0,,1.0,0.0,0.0,,,,,,1.0,inf,False,too_few_frames
510,19,1334.711,1335.432,0.7210000000000036,0.0,,1.0,0.0,0.0,,,,,,1.0,inf,False,too_few_frames
511,19,1336.595,1337.316,0.7210000000000036,0.0,,1.0,0.0,0.0,,,,,,1.0,inf,False,too_few_frames
512,19,1338.478,1339.2,0.72199999999998,0.0,,1.0,0.0,0.0,,,,,,1.0,inf,False,too_few_frames
513,299,1340.362,1352.306,11.94399999999996,0.822742474916388,0.9231499999999999,0.0,4081.7654859417144,4875.91264303501,409.6517993629559,901.6037812551344,113.59787424947692,1630.3596628326081,2839.946856239506,0.006711409395973154,1.1945597217254327,False,jump_max_speed
514,19,1353.468,1354.189,0.7210000000000036,0.0,,1.0,0.0,0.0,,,,,,1.0,inf,False,too_few_frames
515,19,1355.352,1356.073,0.7210000000000036,0.0,,1.0,0.0,0.0,,,,,,1.0,inf,False,too_few_frames
516,19,1357.235,1357.957,0.7220000000002074,0.0,,1.0,0.0,0.0,,,,,,1.0,inf,False,too_few_frames
517,19,1359.119,1359.84,0.7210000000000036,0.0,,1.0,0.0,0.0,,,,,,1.0,inf,False,too_few_frames
518,19,1361.003,1361.724,0.7210000000000036,0.0,,1.0,0.0,0.0,,,,,,1.0,inf,False,too_few_frames
519,20,1362.886,1363.648,0.7619999999999436,0.05,0.7521,0.0,0.0,0.0,0.0,0.0,0.0,0.0,0.0,0.0,0.0,False,few_detections
521,19,1377.916,1378.637,0.7210000000000036,0.0,,1.0,0.0,0.0,,,,,,1.0,inf,False,too_few_frames
522,20,1379.8,1380.561,0.7609999999999673,0.05,0.7512,0.0,0.0,0.0,0.0,0.0,0.0,0.0,0.0,0.0,0.0,False,few_detections
523,19,1381.724,1382.445,0.7210000000000036,0.0,,1.0,0.0,0.0,,,,,,1.0,inf,False,too_few_frames
524,19,1383.607,1384.329,0.72199999999998,0.0,,1.0,0.0,0.0,,,,,,1.0,inf,False,too_few_frames
526,153,1392.264,1398.356,6.092000000000098,0.6797385620915033,0.8605,0.0,11.22666401920018,598.3063376709604,10.03605400676162,345.96239672089985,85.24366562976944,1783.8530617064084,2131.091640746174,0.0,53.29333243140783,False,too_small_displacement
527,23,1399.519,1400.4,0.8810000000000855,0.17391304347826086,0.84905,0.0,0.6477630739705729,0.7263287572199345,0.19525624189575586,5.1538271955191535,0.2080558819163948,5.2013970479146,5.2013970479146,0.0,1.121287684350051,False,too_small_displacement
528,44,1401.563,1403.286,1.7229999999999563,0.09090909090909091,0.7688999999999999,0.0,4.481567806024853,12.62882820102245,1.451292527372937,29.70148174697375,6.703230937391264,123.82957027539936,167.580773434934,0.0,2.817948706264072,False,few_detections
529,146,1404.448,1410.26,5.811999999999898,0.4726027397260274,0.8695,0.0,59.834868237508495,1191.9221308656852,70.60188675144761,1131.6432036992785,94.9259022448561,2157.59842298644,2373.147556123561,0.0,19.920193124424877,False,too_tortuous
531,19,1414.508,1415.23,0.72199999999998,0.0,,1.0,0.0,0.0,,,,,,1.0,inf,False,too_few_frames
532,19,1416.392,1417.113,0.7210000000000036,0.0,,1.0,0.0,0.0,,,,,,1.0,inf,False,too_few_frames
533,19,1418.276,1418.997,0.7210000000000036,0.0,,1.0,0.0,0.0,,,,,,1.0,inf,False,too_few_frames
534,19,1420.159,1420.881,0.72199999999998,0.0,,1.0,0.0,0.0,,,,,,1.0,inf,False,too_few_frames
535,19,1422.043,1422.764,0.7210000000000036,0.0,,1.0,0.0,0.0,,,,,,1.0,inf,False,too_few_frames
536,19,1423.927,1424.648,0.7210000000000036,0.0,,1.0,0.0,0.0,,,,,,1.0,inf,False,too_few_frames
537,19,1425.81,1426.532,0.72199999999998,0.0,,1.0,0.0,0.0,,,,,,1.0,inf,False,too_few_frames
540,19,1438.315,1439.037,0.72199999999998,0.0,,1.0,0.0,0.0,,,,,,1.0,inf,False,too_few_frames
541,19,1440.199,1440.92,0.7210000000000036,0.0,,1.0,0.0,0.0,,,,,,1.0,inf,False,too_few_frames
542,19,1442.083,1442.804,0.7210000000000036,0.0,,1.0,0.0,0.0,,,,,,1.0,inf,False,too_few_frames
543,19,1443.966,1444.688,0.7220000000002074,0.0,,1.0,0.0,0.0,,,,,,1.0,inf,False,too_few_frames
545,19,1450.299,1451.02,0.7210000000000036,0.0,,1.0,0.0,0.0,,,,,,1.0,inf,False,too_few_frames
546,22,1452.182,1453.024,0.8419999999998709,0.09090909090909091,0.7578,0.0,1.831002457671669,1.8314294672066096,0.19039432764973255,20.60943137285101,0.8449866862856542,21.021620000294355,21.12466715715519,0.0,1.000233210792892,False,few_detections
547,262,1454.186,1464.647,10.461000000000013,0.732824427480916,0.9296,0.01908396946564883,3925.2840250707973,4717.072248771594,501.7817122099939,878.3260839693619,280.41080378972543,1267.4040793651382,7010.270094749511,0.00390625,1.2017148870358536,False,jump_max_step
548,19,1465.809,1466.531,0.72199999999998,0.0,,1.0,0.0,0.0,,,,,,1.0,inf,False,too_few_frames
549,19,1467.693,1468.414,0.7210000000000036,0.0,,1.0,0.0,0.0,,,,,,1.0,inf,False,too_few_frames
550,19,1469.577,1470.298,0.7210000000000036,0.0,,1.0,0.0,0.0,,,,,,1.0,inf,False,too_few_frames
551,19,1471.46,1472.182,0.72199999999998,0.0,,1.0,0.0,0.0,,,,,,1.0,inf,False,too_few_frames
552,19,1473.344,1474.066,0.72199999999998,0.0,,1.0,0.0,0.0,,,,,,1.0,inf,False,too_few_frames
553,19,1475.228,1475.949,0.7210000000000036,0.0,,1.0,0.0,0.0,,,,,,1.0,inf,False,too_few_frames
554,19,1477.112,1477.833,0.7210000000000036,0.0,,1.0,0.0,0.0,,,,,,1.0,inf,False,too_few_frames
555,19,1478.995,1479.717,0.7220000000002074,0.0,,1.0,0.0,0.0,,,,,,1.0,inf,False,too_few_frames
556,26,1480.879,1481.881,1.00200000000018,0.2692307692307692,0.8497,0.0,0.7072764664542518,1.1789649288030848,0.37942315088001266,5.378175250478351,0.42022969909333646,9.412981796315146,10.505742477342967,0.0,1.666908181907312,False,too_small_displacement
557,19,1483.043,1483.765,0.7220000000002074,0.0,,1.0,0.0,0.0,,,,,,1.0,inf,False,too_few_frames
558,43,1484.927,1486.61,1.6829999999999927,0.18604651162790697,0.7879,0.023255813953488413,3.006436428730623,4.758277314700301,0.6249999999982947,15.176317899951794,1.6173104216568408,35.2384176393483,40.432760541457796,0.0,1.58269679984863,False,too_small_displacement
559,175,1487.773,1494.746,6.973000000000184,0.4,0.8706499999999999,0.0,402.2125182164278,629.7444110690121,42.87045165382641,204.75185121232826,105.19206721516602,1168.3926020550748,2629.801680381542,0.005747126436781609,1.5657006745129474,False,jump_max_speed
560,19,1495.909,1496.63,0.7210000000000036,0.0,,1.0,0.0,0.0,,,,,,1.0,inf,False,too_few_frames
561,19,1497.792,1498.514,0.72199999999998,0.0,,1.0,0.0,0.0,,,,,,1.0,inf,False,too_few_frames
562,19,1499.676,1500.397,0.7210000000000036,0.0,,1.0,0.0,0.0,,,,,,1.0,inf,False,too_few_frames
563,19,1501.56,1502.281,0.7210000000000036,0.0,,1.0,0.0,0.0,,,,,,1.0,inf,False,too_few_frames
565,43,1515.307,1516.99,1.6829999999999927,0.18604651162790697,0.8148,0.13953488372093026,1.2068579038149765,1.2470127758131138,0.4257346591441545,4.19774969671098,0.31569130491656733,7.360066733062909,7.892282622921361,0.0,1.0332722451178424,False,too_small_displacement
566,26,1518.152,1519.154,1.0019999999999527,0.11538461538461539,0.7752,0.0,3.7622079953134415,3.7640181637073415,0.7668930825069296,13.483488174200108,2.542667890228673,52.30830220174626,63.566697255774635,0.0,1.0004811452200821,False,few_detections
567,22,1520.317,1521.158,0.8409999999998945,0.09090909090909091,0.768,0.0,1.2081986591615195,1.2083647175640884,0.12500000000440536,13.91344897932732,0.5565379591725866,13.91344897932732,13.91344897932732,0.0,1.0001374429621401,False,few_detections
568,102,1522.321,1526.369,4.048000000000002,0.30392156862745096,0.8029,0.0,55.08034644952782,768.2086299919874,58.19970644146797,560.8996841018596,233.3658376412453,3276.861257364967,5834.145941036439,0.0297029702970297,13.947055156886599,False,jump_max_step
569,274,1527.531,1538.473,10.942000000000007,0.5912408759124088,0.8722000000000001,0.0,3067.545803943276,4405.253618323812,527.6627006199187,845.8163743021973,102.84012277316654,1476.1210445636407,2571.003069331502,0.003663003663003663,1.4360840554233731,False,jump_max_speed
571,19,1541.999,1542.721,0.72199999999998,0.0,,1.0,0.0,0.0,,,,,,1.0,inf,False,too_few_frames
572,19,1543.883,1544.605,0.72199999999998,0.0,,1.0,0.0,0.0,,,,,,1.0,inf,False,too_few_frames
573,19,1545.767,1546.488,0.7210000000000036,0.0,,1.0,0.0,0.0,,,,,,1.0,inf,False,too_few_frames
574,19,1547.651,1548.372,0.7210000000000036,0.0,,1.0,0.0,0.0,,,,,,1.0,inf,False,too_few_frames
575,19,1549.534,1550.256,0.72199999999998,0.0,,1.0,0.0,0.0,,,,,,1.0,inf,False,too_few_frames
576,19,1551.418,1552.139,0.7210000000000036,0.0,,1.0,0.0,0.0,,,,,,1.0,inf,False,too_few_frames
577,19,1553.302,1554.023,0.7210000000000036,0.0,,1.0,0.0,0.0,,,,,,1.0,inf,False,too_few_frames
578,19,1555.185,1555.907,0.72199999999998,0.0,,1.0,0.0,0.0,,,,,,1.0,inf,False,too_few_frames
579,19,1557.069,1557.791,0.72199999999998,0.0,,1.0,0.0,0.0,,,,,,1.0,inf,False,too_few_frames
580,32,1558.953,1560.195,1.2419999999999618,0.21875,0.8333,0.0,412.9163578765073,412.97481691953845,212.96258620961038,1031.4624620245359,106.00770180038806,2167.8830696335726,2650.192545012112,0.03225806451612903,1.0001415759921255,False,jump_max_speed
581,19,1561.358,1562.079,0.7210000000000036,0.0,,1.0,0.0,0.0,,,,,,1.0,inf,False,too_few_frames
582,19,1563.241,1563.963,0.72199999999998,0.0,,1.0,0.0,0.0,,,,,,1.0,inf,False,too_few_frames
583,34,1565.125,1566.448,1.3230000000000928,0.08823529411764706,0.858,0.05882352941176472,1.1701559725098645,1.170366767243726,0.34820970692501174,0.35794552659044454,0.9162734308055606,16.142168697089367,22.906835770159848,0.0,1.0001801424244405,False,few_detections
584,20,1567.61,1568.371,0.7610000000001946,0.05,0.7929,0.0,0.0,0.0,0.0,0.0,0.0,0.0,0.0,0.0,0.0,False,few_detections
585,19,1569.534,1570.255,0.7210000000000036,0.0,,1.0,0.0,0.0,,,,,,1.0,inf,False,too_few_frames
586,24,1571.417,1572.339,0.9220000000000255,0.041666666666666664,0.7856,0.0,0.0,0.0,0.0,0.0,0.0,0.0,0.0,0.0,0.0,False,few_detections
587,19,1573.502,1574.223,0.7210000000000036,0.0,,1.0,0.0,0.0,,,,,,1.0,inf,False,too_few_frames
588,19,1575.385,1576.107,0.72199999999998,0.0,,1.0,0.0,0.0,,,,,,1.0,inf,False,too_few_frames
590,19,1583.642,1584.363,0.7210000000000036,0.0,,1.0,0.0,0.0,,,,,,1.0,inf,False,too_few_frames
591,19,1585.525,1586.247,0.72199999999998,0.0,,1.0,0.0,0.0,,,,,,1.0,inf,False,too_few_frames
592,19,1587.409,1588.13,0.7210000000000036,0.0,,1.0,0.0,0.0,,,,,,1.0,inf,False,too_few_frames
593,19,1589.293,1590.014,0.7210000000000036,0.0,,1.0,0.0,0.0,,,,,,1.0,inf,False,too_few_frames
594,19,1591.176,1591.898,0.72199999999998,0.0,,1.0,0.0,0.0,,,,,,1.0,inf,False,too_few_frames
595,25,1593.06,1594.022,0.9619999999999891,0.04,0.7696,0.0,0.0,0.0,0.0,0.0,0.0,0.0,0.0,0.0,0.0,False,few_detections
596,172,1595.184,1602.038,6.854000000000042,0.7790697674418605,0.93645,0.0,3905.283699611335,4833.026016502119,689.0184871437502,890.6629284393233,310.8563796369635,1832.5066623916025,7771.409490931155,0.011695906432748537,1.2375607992277529,False,jump_max_step
597,19,1603.2,1603.922,0.72199999999998,0.0,,1.0,0.0,0.0,,,,,,1.0,inf,False,too_few_frames
598,19,1605.084,1605.805,0.7210000000000036,0.0,,1.0,0.0,0.0,,,,,,1.0,inf,False,too_few_frames
600,19,1609.533,1610.254,0.7210000000000036,0.0,,1.0,0.0,0.0,,,,,,1.0,inf,False,too_few_frames
601,19,1611.416,1612.138,0.72199999999998,0.0,,1.0,0.0,0.0,,,,,,1.0,inf,False,too_few_frames
602,30,1613.3,1614.462,1.1620000000000346,0.03333333333333333,0.8004,0.0,0.0,0.0,0.0,0.0,0.0,0.0,0.0,0.0,0.0,False,few_detections
603,19,1615.625,1616.346,0.7210000000000036,0.0,,1.0,0.0,0.0,,,,,,1.0,inf,False,too_few_frames
604,19,1617.508,1618.23,0.72199999999998,0.0,,1.0,0.0,0.0,,,,,,1.0,inf,False,too_few_frames
605,19,1619.392,1620.113,0.7210000000000036,0.0,,1.0,0.0,0.0,,,,,,1.0,inf,False,too_few_frames
607,20,1627.528,1628.29,0.7619999999999436,0.05,0.7795,0.0,0.0,0.0,0.0,0.0,0.0,0.0,0.0,0.0,0.0,False,few_detections
608,19,1629.452,1630.173,0.7210000000000036,0.0,,1.0,0.0,0.0,,,,,,1.0,inf,False,too_few_frames
609,19,1631.336,1632.057,0.7210000000000036,0.0,,1.0,0.0,0.0,,,,,,1.0,inf,False,too_few_frames
610,19,1633.219,1633.941,0.72199999999998,0.0,,1.0,0.0,0.0,,,,,,1.0,inf,False,too_few_frames
611,19,1635.103,1635.824,0.7210000000000036,0.0,,1.0,0.0,0.0,,,,,,1.0,inf,False,too_few_frames
612,19,1636.987,1637.708,0.7210000000000036,0.0,,1.0,0.0,0.0,,,,,,1.0,inf,False,too_few_frames
613,19,1638.87,1639.592,0.7220000000002074,0.0,,1.0,0.0,0.0,,,,,,1.0,inf,False,too_few_frames
614,19,1640.754,1641.476,0.7220000000002074,0.0,,1.0,0.0,0.0,,,,,,1.0,inf,False,too_few_frames
616,19,1649.972,1650.694,0.72199999999998,0.0,,1.0,0.0,0.0,,,,,,1.0,inf,False,too_few_frames
617,19,1651.856,1652.577,0.7210000000000036,0.0,,1.0,0.0,0.0,,,,,,1.0,inf,False,too_few_frames
618,19,1653.74,1654.461,0.7210000000000036,0.0,,1.0,0.0,0.0,,,,,,1.0,inf,False,too_few_frames
619,19,1655.623,1656.345,0.72199999999998,0.0,,1.0,0.0,0.0,,,,,,1.0,inf,False,too_few_frames
620,19,1657.507,1658.229,0.72199999999998,0.0,,1.0,0.0,0.0,,,,,,1.0,inf,False,too_few_frames
621,19,1659.391,1660.112,0.7210000000000036,0.0,,1.0,0.0,0.0,,,,,,1.0,inf,False,too_few_frames
622,19,1661.275,1661.996,0.7210000000000036,0.0,,1.0,0.0,0.0,,,,,,1.0,inf,False,too_few_frames
624,129,1670.092,1675.222,5.129999999999882,0.40310077519379844,0.8086500000000001,0.0,27.922952458506632,55.07813265835302,2.464204872448304,41.006386104082196,2.9458475860098634,68.87048659725988,73.64618965031356,0.0,1.9725039012331826,False,too_small_displacement
625,56,1676.384,1678.589,2.2049999999999272,0.07142857142857142,0.76315,0.0,6.132418853927106,7.146028955708665,1.4552618429391824,10.10738336246502,2.048019775295139,47.609227415933326,51.200494382425035,0.0,1.1652871608945072,False,few_detections
626,19,1679.751,1680.472,0.7210000000000036,0.0,,1.0,0.0,0.0,,,,,,1.0,inf,False,too_few_frames
627,19,1681.635,1682.356,0.7210000000000036,0.0,,1.0,0.0,0.0,,,,,,1.0,inf,False,too_few_frames
628,19,1683.518,1684.24,0.72199999999998,0.0,,1.0,0.0,0.0,,,,,,1.0,inf,False,too_few_frames
630,19,1690.292,1691.013,0.7210000000000036,0.0,,1.0,0.0,0.0,,,,,,1.0,inf,False,too_few_frames
631,19,1692.175,1692.897,0.72199999999998,0.0,,1.0,0.0,0.0,,,,,,1.0,inf,False,too_few_frames
632,19,1694.059,1694.781,0.72199999999998,0.0,,1.0,0.0,0.0,,,,,,1.0,inf,False,too_few_frames
634,19,1703.478,1704.199,0.7210000000000036,0.0,,1.0,0.0,0.0,,,,,,1.0,inf,False,too_few_frames
635,19,1705.361,1706.083,0.72199999999998,0.0,,1.0,0.0,0.0,,,,,,1.0,inf,False,too_few_frames
636,19,1707.245,1707.967,0.7220000000002074,0.0,,1.0,0.0,0.0,,,,,,1.0,inf,False,too_few_frames
637,19,1709.129,1709.85,0.7210000000000036,0.0,,1.0,0.0,0.0,,,,,,1.0,inf,False,too_few_frames
638,19,1711.013,1711.734,0.7210000000000036,0.0,,1.0,0.0,0.0,,,,,,1.0,inf,False,too_few_frames
639,19,1712.896,1713.618,0.72199999999998,0.0,,1.0,0.0,0.0,,,,,,1.0,inf,False,too_few_frames
640,19,1714.78,1715.501,0.7210000000000036,0.0,,1.0,0.0,0.0,,,,,,1.0,inf,False,too_few_frames
641,19,1716.664,1717.385,0.7210000000000036,0.0,,1.0,0.0,0.0,,,,,,1.0,inf,False,too_few_frames
642,19,1718.547,1719.269,0.72199999999998,0.0,,1.0,0.0,0.0,,,,,,1.0,inf,False,too_few_frames
643,19,1720.431,1721.153,0.72199999999998,0.0,,1.0,0.0,0.0,,,,,,1.0,inf,False,too_few_frames
644,19,1722.315,1723.036,0.7210000000000036,0.0,,1.0,0.0,0.0,,,,,,1.0,inf,False,too_few_frames
645,19,1724.199,1724.92,0.7210000000000036,0.0,,1.0,0.0,0.0,,,,,,1.0,inf,False,too_few_frames
646,19,1726.082,1726.804,0.72199999999998,0.0,,1.0,0.0,0.0,,,,,,1.0,inf,False,too_few_frames
647,19,1727.966,1728.687,0.7210000000000036,0.0,,1.0,0.0,0.0,,,,,,1.0,inf,False,too_few_frames
648,19,1729.85,1730.571,0.7210000000000036,0.0,,1.0,0.0,0.0,,,,,,1.0,inf,False,too_few_frames
649,19,1731.733,1732.455,0.72199999999998,0.0,,1.0,0.0,0.0,,,,,,1.0,inf,False,too_few_frames
651,19,1740.871,1741.593,0.72199999999998,0.0,,1.0,0.0,0.0,,,,,,1.0,inf,False,too_few_frames
652,19,1742.755,1743.477,0.72199999999998,0.0,,1.0,0.0,0.0,,,,,,1.0,inf,False,too_few_frames
653,299,1744.639,1756.582,11.943000000000211,0.7959866220735786,0.8316,0.0,949.5519755089765,1584.8131648089973,15.632616010126878,728.6682015936686,101.59433732743176,1362.0963477981925,2539.858433188104,0.003355704697986577,1.66901149772187,False,jump_max_speed
654,19,1757.745,1758.466,0.7210000000000036,0.0,,1.0,0.0,0.0,,,,,,1.0,inf,False,too_few_frames
655,19,1759.628,1760.35,0.72199999999998,0.0,,1.0,0.0,0.0,,,,,,1.0,inf,False,too_few_frames
656,19,1761.512,1762.234,0.72199999999998,0.0,,1.0,0.0,0.0,,,,,,1.0,inf,False,too_few_frames
658,19,1776.502,1777.223,0.7210000000000036,0.0,,1.0,0.0,0.0,,,,,,1.0,inf,False,too_few_frames
659,19,1778.385,1779.107,0.72199999999998,0.0,,1.0,0.0,0.0,,,,,,1.0,inf,False,too_few_frames
660,19,1780.269,1780.991,0.72199999999998,0.0,,1.0,0.0,0.0,,,,,,1.0,inf,False,too_few_frames
661,19,1782.153,1782.874,0.7210000000000036,0.0,,1.0,0.0,0.0,,,,,,1.0,inf,False,too_few_frames
662,19,1784.037,1784.758,0.7210000000000036,0.0,,1.0,0.0,0.0,,,,,,1.0,inf,False,too_few_frames
663,19,1785.92,1786.642,0.72199999999998,0.0,,1.0,0.0,0.0,,,,,,1.0,inf,False,too_few_frames
665,19,1795.619,1796.341,0.72199999999998,0.0,,1.0,0.0,0.0,,,,,,1.0,inf,False,too_few_frames
666,19,1797.503,1798.225,0.72199999999998,0.0,,1.0,0.0,0.0,,,,,,1.0,inf,False,too_few_frames
667,19,1799.387,1800.108,0.7210000000000036,0.0,,1.0,0.0,0.0,,,,,,1.0,inf,False,too_few_frames
668,19,1801.271,1801.992,0.7210000000000036,0.0,,1.0,0.0,0.0,,,,,,1.0,inf,False,too_few_frames
669,19,1803.154,1803.876,0.72199999999998,0.0,,1.0,0.0,0.0,,,,,,1.0,inf,False,too_few_frames
670,19,1805.038,1805.759,0.7210000000000036,0.0,,1.0,0.0,0.0,,,,,,1.0,inf,False,too_few_frames
671,19,1806.922,1807.643,0.7210000000000036,0.0,,1.0,0.0,0.0,,,,,,1.0,inf,False,too_few_frames
673,19,1817.543,1818.264,0.7210000000000036,0.0,,1.0,0.0,0.0,,,,,,1.0,inf,False,too_few_frames
674,19,1819.426,1820.148,0.72199999999998,0.0,,1.0,0.0,0.0,,,,,,1.0,inf,False,too_few_frames
675,19,1821.31,1822.031,0.7210000000000036,0.0,,1.0,0.0,0.0,,,,,,1.0,inf,False,too_few_frames
676,19,1823.194,1823.915,0.7210000000000036,0.0,,1.0,0.0,0.0,,,,,,1.0,inf,False,too_few_frames
677,19,1825.077,1825.799,0.72199999999998,0.0,,1.0,0.0,0.0,,,,,,1.0,inf,False,too_few_frames
678,19,1826.961,1827.683,0.72199999999998,0.0,,1.0,0.0,0.0,,,,,,1.0,inf,False,too_few_frames
679,19,1828.845,1829.566,0.7210000000000036,0.0,,1.0,0.0,0.0,,,,,,1.0,inf,False,too_few_frames
680,51,1830.729,1832.733,2.0039999999999054,0.11764705882352941,0.8524,0.0,256.53737012762855,256.61483310856664,22.155906289816393,285.8875959670631,138.8146794831151,1963.251758470937,3470.3669870810336,0.02,1.0003019559329682,False,few_detections
683,19,1839.706,1840.428,0.7220000000002074,0.0,,1.0,0.0,0.0,,,,,,1.0,inf,False,too_few_frames
684,19,1841.59,1842.311,0.7210000000000036,0.0,,1.0,0.0,0.0,,,,,,1.0,inf,False,too_few_frames
685,19,1843.474,1844.195,0.7210000000000036,0.0,,1.0,0.0,0.0,,,,,,1.0,inf,False,too_few_frames
686,19,1845.357,1846.079,0.72199999999998,0.0,,1.0,0.0,0.0,,,,,,1.0,inf,False,too_few_frames
687,19,1847.241,1847.963,0.72199999999998,0.0,,1.0,0.0,0.0,,,,,,1.0,inf,False,too_few_frames
688,19,1849.125,1849.846,0.7210000000000036,0.0,,1.0,0.0,0.0,,,,,,1.0,inf,False,too_few_frames
689,41,1851.009,1852.612,1.6030000000000655,0.12195121951219512,0.819,0.1707317073170732,14.466149867881333,14.84052131061605,5.606748166278156,57.93410674261106,4.440516749208296,94.7909744569663,111.01291873030837,0.0,1.025879134818444,False,few_detections
691,19,1862.07,1862.792,0.72199999999998,0.0,,1.0,0.0,0.0,,,,,,1.0,inf,False,too_few_frames
692,19,1863.954,1864.675,0.7210000000000036,0.0,,1.0,0.0,0.0,,,,,,1.0,inf,False,too_few_frames
693,19,1865.838,1866.559,0.7210000000000036,0.0,,1.0,0.0,0.0,,,,,,1.0,inf,False,too_few_frames
694,19,1867.721,1868.443,0.72199999999998,0.0,,1.0,0.0,0.0,,,,,,1.0,inf,False,too_few_frames
695,19,1869.605,1870.327,0.72199999999998,0.0,,1.0,0.0,0.0,,,,,,1.0,inf,False,too_few_frames
696,19,1871.489,1872.21,0.7210000000000036,0.0,,1.0,0.0,0.0,,,,,,1.0,inf,False,too_few_frames
697,19,1873.373,1874.094,0.7210000000000036,0.0,,1.0,0.0,0.0,,,,,,1.0,inf,False,too_few_frames
698,19,1875.256,1875.978,0.72199999999998,0.0,,1.0,0.0,0.0,,,,,,1.0,inf,False,too_few_frames
699,19,1877.14,1877.861,0.7210000000000036,0.0,,1.0,0.0,0.0,,,,,,1.0,inf,False,too_few_frames
701,77,1885.998,1889.044,3.046000000000049,0.19480519480519481,0.8586,0.07792207792207795,868.0600383135949,868.4096812118779,259.6546227686317,653.5040674649373,222.5442320101782,2531.8266461879684,5563.6058002595155,0.014285714285714285,1.000402786538777,False,jump_max_step
702,19,1890.206,1890.927,0.7210000000000036,0.0,,1.0,0.0,0.0,,,,,,1.0,inf,False,too_few_frames
703,19,1892.09,1892.811,0.7210000000000036,0.0,,1.0,0.0,0.0,,,,,,1.0,inf,False,too_few_frames
704,19,1893.973,1894.695,0.72199999999998,0.0,,1.0,0.0,0.0,,,,,,1.0,inf,False,too_few_frames
705,19,1895.857,1896.578,0.7210000000000036,0.0,,1.0,0.0,0.0,,,,,,1.0,inf,False,too_few_frames
706,19,1897.741,1898.462,0.7210000000000036,0.0,,1.0,0.0,0.0,,,,,,1.0,inf,False,too_few_frames
707,19,1899.624,1900.346,0.72199999999998,0.0,,1.0,0.0,0.0,,,,,,1.0,inf,False,too_few_frames
708,19,1901.508,1902.23,0.72199999999998,0.0,,1.0,0.0,0.0,,,,,,1.0,inf,False,too_few_frames
709,19,1903.392,1904.113,0.7210000000000036,0.0,,1.0,0.0,0.0,,,,,,1.0,inf,False,too_few_frames
711,19,1910.366,1911.087,0.7210000000000036,0.0,,1.0,0.0,0.0,,,,,,1.0,inf,False,too_few_frames
712,19,1912.249,1912.971,0.72199999999998,0.0,,1.0,0.0,0.0,,,,,,1.0,inf,False,too_few_frames
713,19,1914.133,1914.854,0.7210000000000036,0.0,,1.0,0.0,0.0,,,,,,1.0,inf,False,too_few_frames
714,19,1916.017,1916.738,0.7210000000000036,0.0,,1.0,0.0,0.0,,,,,,1.0,inf,False,too_few_frames
715,19,1917.9,1918.622,0.72199999999998,0.0,,1.0,0.0,0.0,,,,,,1.0,inf,False,too_few_frames
716,19,1919.784,1920.506,0.72199999999998,0.0,,1.0,0.0,0.0,,,,,,1.0,inf,False,too_few_frames
717,19,1921.668,1922.389,0.7210000000000036,0.0,,1.0,0.0,0.0,,,,,,1.0,inf,False,too_few_frames
719,19,1930.806,1931.527,0.7210000000000036,0.0,,1.0,0.0,0.0,,,,,,1.0,inf,False,too_few_frames
720,19,1932.69,1933.411,0.7210000000000036,0.0,,1.0,0.0,0.0,,,,,,1.0,inf,False,too_few_frames
721,19,1934.573,1935.295,0.72199999999998,0.0,,1.0,0.0,0.0,,,,,,1.0,inf,False,too_few_frames
722,19,1936.457,1937.178,0.7210000000000036,0.0,,1.0,0.0,0.0,,,,,,1.0,inf,False,too_few_frames
723,19,1938.341,1939.062,0.7210000000000036,0.0,,1.0,0.0,0.0,,,,,,1.0,inf,False,too_few_frames
724,19,1940.224,1940.946,0.72199999999998,0.0,,1.0,0.0,0.0,,,,,,1.0,inf,False,too_few_frames
725,19,1942.108,1942.83,0.72199999999998,0.0,,1.0,0.0,0.0,,,,,,1.0,inf,False,too_few_frames
726,19,1943.992,1944.713,0.7210000000000036,0.0,,1.0,0.0,0.0,,,,,,1.0,inf,False,too_few_frames
727,19,1945.876,1946.597,0.7210000000000036,0.0,,1.0,0.0,0.0,,,,,,1.0,inf,False,too_few_frames
728,19,1947.759,1948.481,0.72199999999998,0.0,,1.0,0.0,0.0,,,,,,1.0,inf,False,too_few_frames
730,19,1956.737,1957.458,0.7210000000000036,0.0,,1.0,0.0,0.0,,,,,,1.0,inf,False,too_few_frames
731,19,1958.621,1959.342,0.7210000000000036,0.0,,1.0,0.0,0.0,,,,,,1.0,inf,False,too_few_frames
732,19,1960.504,1961.226,0.7220000000002074,0.0,,1.0,0.0,0.0,,,,,,1.0,inf,False,too_few_frames
733,19,1962.388,1963.11,0.72199999999998,0.0,,1.0,0.0,0.0,,,,,,1.0,inf,False,too_few_frames
734,19,1964.272,1964.993,0.7210000000000036,0.0,,1.0,0.0,0.0,,,,,,1.0,inf,False,too_few_frames
735,19,1966.156,1966.877,0.7210000000000036,0.0,,1.0,0.0,0.0,,,,,,1.0,inf,False,too_few_frames
736,19,1968.039,1968.761,0.72199999999998,0.0,,1.0,0.0,0.0,,,,,,1.0,inf,False,too_few_frames
737,19,1969.923,1970.644,0.7210000000000036,0.0,,1.0,0.0,0.0,,,,,,1.0,inf,False,too_few_frames
738,19,1971.807,1972.528,0.7210000000000036,0.0,,1.0,0.0,0.0,,,,,,1.0,inf,False,too_few_frames
739,19,1973.69,1974.412,0.72199999999998,0.0,,1.0,0.0,0.0,,,,,,1.0,inf,False,too_few_frames
740,32,1975.574,1976.817,1.2429999999999382,0.0625,0.8237000000000001,0.0,154.43570624049366,154.43570650979177,47.210042628427885,47.21004262870791,120.44532230020401,2121.956153044098,3011.133057507839,0.03225806451612903,1.0000000017437556,False,few_detections
741,19,1977.979,1978.7,0.7210000000000036,0.0,,1.0,0.0,0.0,,,,,,1.0,inf,False,too_few_frames
742,19,1979.863,1980.584,0.7210000000000036,0.0,,1.0,0.0,0.0,,,,,,1.0,inf,False,too_few_frames
743,19,1981.746,1982.468,0.72199999999998,0.0,,1.0,0.0,0.0,,,,,,1.0,inf,False,too_few_frames
744,19,1983.63,1984.351,0.7210000000000036,0.0,,1.0,0.0,0.0,,,,,,1.0,inf,False,too_few_frames
745,19,1985.514,1986.235,0.7210000000000036,0.0,,1.0,0.0,0.0,,,,,,1.0,inf,False,too_few_frames
746,19,1987.397,1988.119,0.72199999999998,0.0,,1.0,0.0,0.0,,,,,,1.0,inf,False,too_few_frames
747,19,1989.281,1990.003,0.72199999999998,0.0,,1.0,0.0,0.0,,,,,,1.0,inf,False,too_few_frames
748,19,1991.165,1991.886,0.7210000000000036,0.0,,1.0,0.0,0.0,,,,,,1.0,inf,False,too_few_frames
749,19,1993.049,1993.77,0.7210000000000036,0.0,,1.0,0.0,0.0,,,,,,1.0,inf,False,too_few_frames
751,19,2000.824,2001.545,0.7210000000000036,0.0,,1.0,0.0,0.0,,,,,,1.0,inf,False,too_few_frames
752,19,2002.708,2003.429,0.7210000000000036,0.0,,1.0,0.0,0.0,,,,,,1.0,inf,False,too_few_frames
753,19,2004.591,2005.313,0.7220000000002074,0.0,,1.0,0.0,0.0,,,,,,1.0,inf,False,too_few_frames
754,19,2006.475,2007.196,0.7210000000000036,0.0,,1.0,0.0,0.0,,,,,,1.0,inf,False,too_few_frames
